NOMBRE EXPEDIENTE,NÚMERO CONTRATO,UAA,SERIE,SUBSERIE
0020_2026000281_4674,20-2026000281,4114_DIEF_CIENCIAS,P11_PROYECTOS,P11.14_APOYO_GRUPOS_INVEST
0020_2026000285_4725,20-2026000285,4114_DIEF_CIENCIAS,P11_PROYECTOS,P11.15_APOYO_SEMILLEROS_INVEST
0020_2026000292_8090,20-2026000292,4112_COORD_PROGRAMAS_PROYECTOS,P11_PROYECTOS,P11.02_PROY_INVEST_FINAN_EXT
0020_2026000291_8096,20-2026000291,4112_COORD_PROGRAMAS_PROYECTOS,P11_PROYECTOS,P11.02_PROY_INVEST_FINAN_EXT
0020_2026000260_4817,20-2026000260,4114_DIEF_CIENCIAS,P11_PROYECTOS,P11.03_PROYECTOS_INVEST_FINAN_INTERNA
0020_2026000261_4817,20-2026000261,4114_DIEF_CIENCIAS,P11_PROYECTOS,P11.03_PROYECTOS_INVEST_FINAN_INTERNA
0020_2026000259_4817,20-2026000259,4114_DIEF_CIENCIAS,P11_PROYECTOS,P11.03_PROYECTOS_INVEST_FINAN_INTERNA
0018_2026002290_8090,18-2026002290,4112_COORD_PROGRAMAS_PROYECTOS,P11_PROYECTOS,P11.02_PROY_INVEST_FINAN_EXT
0020_2026000258_4498,20-2026000258,4116_DIEF_FISICO_QUIMICAS,P11_PROYECTOS,P11.03_PROYECTOS_INVEST_FINAN_INTERNA
0020_2026000276_4817,20-2026000276,4114_DIEF_CIENCIAS,P11_PROYECTOS,P11.03_PROYECTOS_INVEST_FINAN_INTERNA
0018_2026002432_8060,18-2026002432,4112_COORD_PROGRAMAS_PROYECTOS,P11_PROYECTOS,P11.02_PROY_INVEST_FINAN_EXT
0018_2026002419_8099,18-2026002419,4112_COORD_PROGRAMAS_PROYECTOS,P11_PROYECTOS,P11.02_PROY_INVEST_FINAN_EXT
0018_2026002334_4259,18-2026002334,4118_DIEF_SALUD,P11_PROYECTOS,P11.03_PROYECTOS_INVEST_FINAN_INTERNA
0018_2026002454_8060,18-2026002454,4112_COORD_PROGRAMAS_PROYECTOS,P11_PROYECTOS,P11.02_PROY_INVEST_FINAN_EXT
0018_2026002449_8271,18-2026002449,4112_COORD_PROGRAMAS_PROYECTOS,P11_PROYECTOS,P11.02_PROY_INVEST_FINAN_EXT
0018_2026002436_8271,18-2026002436,4112_COORD_PROGRAMAS_PROYECTOS,P11_PROYECTOS,P11.02_PROY_INVEST_FINAN_EXT
0018_2026002444_8060,18-2026002444,4112_COORD_PROGRAMAS_PROYECTOS,P11_PROYECTOS,P11.02_PROY_INVEST_FINAN_EXT
0018_2026002445_8060,18-2026002445,4112_COORD_PROGRAMAS_PROYECTOS,P11_PROYECTOS,P11.02_PROY_INVEST_FINAN_EXT
0018_2026002214_8054,18-2026002214,4112_COORD_PROGRAMAS_PROYECTOS,P11_PROYECTOS,P11.02_PROY_INVEST_FINAN_EXT
0018_2026002213_8054,18-2026002213,4112_COORD_PROGRAMAS_PROYECTOS,P11_PROYECTOS,P11.02_PROY_INVEST_FINAN_EXT
0018_2026002211_8054,18-2026002211,4112_COORD_PROGRAMAS_PROYECTOS,P11_PROYECTOS,P11.02_PROY_INVEST_FINAN_EXT
0018_2026002212_8054,18-2026002212,4112_COORD_PROGRAMAS_PROYECTOS,P11_PROYECTOS,P11.02_PROY_INVEST_FINAN_EXT
0018_2026002266_4649,18-2026002266,4115_DIEF_CIENCIAS_HUMANAS,P11_PROYECTOS,P11.14_APOYO_GRUPOS_INVEST
0020_2026000257_4498,20-2026000257,4116_DIEF_FISICO_QUIMICAS,P11_PROYECTOS,P11.03_PROYECTOS_INVEST_FINAN_INTERNA
0018_2026002288_4617,18-2026002288,4116_DIEF_FISICO_QUIMICAS,P11_PROYECTOS,P11.03_PROYECTOS_INVEST_FINAN_INTERNA
0018_2026002341_8090,18-2026002341,4112_COORD_PROGRAMAS_PROYECTOS,P11_PROYECTOS,P11.02_PROY_INVEST_FINAN_EXT
0020_2026000269_8052,20-2026000269,4112_COORD_PROGRAMAS_PROYECTOS,P11_PROYECTOS,P11.02_PROY_INVEST_FINAN_EXT
0018_2026002318_8089,18-2026002318,4112_COORD_PROGRAMAS_PROYECTOS,P11_PROYECTOS,P11.02_PROY_INVEST_FINAN_EXT
0020_2026000286_8096,20-2026000286,4112_COORD_PROGRAMAS_PROYECTOS,P11_PROYECTOS,P11.02_PROY_INVEST_FINAN_EXT
0018_2026002298_8089,18-2026002298,4112_COORD_PROGRAMAS_PROYECTOS,P11_PROYECTOS,P11.02_PROY_INVEST_FINAN_EXT
0018_2026002367_4247,18-2026002367,4114_DIEF_CIENCIAS,P11_PROYECTOS,P11.03_PROYECTOS_INVEST_FINAN_INTERNA
0020_2026000278_8096,20-2026000278,4112_COORD_PROGRAMAS_PROYECTOS,P11_PROYECTOS,P11.02_PROY_INVEST_FINAN_EXT
0020_2026000264_8085,20-2026000264,4112_COORD_PROGRAMAS_PROYECTOS,P11_PROYECTOS,P11.02_PROY_INVEST_FINAN_EXT
0018_2026002397_4672,18-2026002397,4114_DIEF_CIENCIAS,P11_PROYECTOS,P11.14_APOYO_GRUPOS_INVEST
0020_2026000294_8096,20-2026000294,4112_COORD_PROGRAMAS_PROYECTOS,P11_PROYECTOS,P11.02_PROY_INVEST_FINAN_EXT
0020_2026000288_8096,20-2026000288,4112_COORD_PROGRAMAS_PROYECTOS,P11_PROYECTOS,P11.02_PROY_INVEST_FINAN_EXT
0018_2026002287_4619,18-2026002287,4116_DIEF_FISICO_QUIMICAS,P11_PROYECTOS,P11.03_PROYECTOS_INVEST_FINAN_INTERNA
0018_2026002286_8087,18-2026002286,4112_COORD_PROGRAMAS_PROYECTOS,P11_PROYECTOS,P11.02_PROY_INVEST_FINAN_EXT
0018_2026002330_8288,18-2026002330,4112_COORD_PROGRAMAS_PROYECTOS,P11_PROYECTOS,P11.02_PROY_INVEST_FINAN_EXT
0020_2026000322_4612,20-2026000322,4115_DIEF_CIENCIAS_HUMANAS,P11_PROYECTOS,P11.03_PROYECTOS_INVEST_FINAN_INTERNA
0020_2026000297_4644,20-2026000297,4115_DIEF_CIENCIAS_HUMANAS,P11_PROYECTOS,P11.03_PROYECTOS_INVEST_FINAN_INTERNA
0020_2026000287_8096,20-2026000287,4112_COORD_PROGRAMAS_PROYECTOS,P11_PROYECTOS,P11.02_PROY_INVEST_FINAN_EXT
0018_2026002327_8944,18-2026002327,4112_PROYECTO_8944,P11_PROYECTOS,P11.13_PROY_REGALIAS_SGR
0020_2026000336_8052,20-2026000336,4112_COORD_PROGRAMAS_PROYECTOS,P11_PROYECTOS,P11.02_PROY_INVEST_FINAN_EXT
0020_2026000308_8096,20-2026000308,4112_COORD_PROGRAMAS_PROYECTOS,P11_PROYECTOS,P11.02_PROY_INVEST_FINAN_EXT
0018_2026002490_4624,18-2026002490,4117_DIEF_FISICO_MECANICAS,P11_PROYECTOS,P11.03_PROYECTOS_INVEST_FINAN_INTERNA
0020_2026000344_8944,20-2026000344,4112_PROYECTO_8944,P11_PROYECTOS,P11.13_PROY_REGALIAS_SGR
0020_2026000310_8944,20-2026000310,4112_PROYECTO_8944,P11_PROYECTOS,P11.13_PROY_REGALIAS_SGR
0020_2026000305_8944,20-2026000305,4112_PROYECTO_8944,P11_PROYECTOS,P11.13_PROY_REGALIAS_SGR
0018_2026002359_8944,18-2026002359,4112_PROYECTO_8944,P11_PROYECTOS,P11.13_PROY_REGALIAS_SGR
0234_2025007956_8943,234-2025007956,4112_PROYECTO_8943,P11_PROYECTOS,P11.13_PROY_REGALIAS_SGR
0234_2025007957_8943,234-2025007957,4112_PROYECTO_8943,P11_PROYECTOS,P11.13_PROY_REGALIAS_SGR
0234_2025008200_8943,234-2025008200,4112_PROYECTO_8943,P11_PROYECTOS,P11.13_PROY_REGALIAS_SGR
0234_2025006425_8943,234-2025006425,4112_PROYECTO_8943,P11_PROYECTOS,P11.13_PROY_REGALIAS_SGR
0234_2025006427_8943,234-2025006427,4112_PROYECTO_8943,P11_PROYECTOS,P11.13_PROY_REGALIAS_SGR
0234_2025008198_8943,234-2025008198,4112_PROYECTO_8943,P11_PROYECTOS,P11.13_PROY_REGALIAS_SGR
0234_2025008199_8943,234-2025008199,4112_PROYECTO_8943,P11_PROYECTOS,P11.13_PROY_REGALIAS_SGR
0018_2026002293_8943,18-2026002293,4112_PROYECTO_8943,P11_PROYECTOS,P11.13_PROY_REGALIAS_SGR
0234_2025008202_8943,234-2025008202,4112_PROYECTO_8943,P11_PROYECTOS,P11.13_PROY_REGALIAS_SGR
0234_2025008204_8943,234-2025008204,4112_PROYECTO_8943,P11_PROYECTOS,P11.13_PROY_REGALIAS_SGR
0234_2025008201_8943,234-2025008201,4112_PROYECTO_8943,P11_PROYECTOS,P11.13_PROY_REGALIAS_SGR
0234_2025008203_8943,234-2025008203,4112_PROYECTO_8943,P11_PROYECTOS,P11.13_PROY_REGALIAS_SGR
0234_2025008571_8943,234-2025008571,4112_PROYECTO_8943,P11_PROYECTOS,P11.13_PROY_REGALIAS_SGR
0234_2025017176_8943,234-2025017176,4112_PROYECTO_8943,P11_PROYECTOS,P11.13_PROY_REGALIAS_SGR
0020_2026000340_4675,20-2026000340,4114_DIEF_CIENCIAS,P11_PROYECTOS,P11.14_APOYO_GRUPOS_INVEST
0020_2026000339_4669,20-2026000339,4114_DIEF_CIENCIAS,P11_PROYECTOS,P11.14_APOYO_GRUPOS_INVEST
270_2026000743_4619,,4116_DIEF_FISICO_QUIMICAS,P11_PROYECTOS,P11.03_PROYECTOS_INVEST_FINAN_INTERNA
0020_2026000345_8097,20-2026000345,4112_COORD_PROGRAMAS_PROYECTOS,P11_PROYECTOS,P11.02_PROY_INVEST_FINAN_EXT
0020_2026000309_8097,20-2026000309,4112_COORD_PROGRAMAS_PROYECTOS,P11_PROYECTOS,P11.02_PROY_INVEST_FINAN_EXT
0018_2026002453_4609,18-2026002453,4116_DIEF_FISICO_QUIMICAS,P11_PROYECTOS,P11.03_PROYECTOS_INVEST_FINAN_INTERNA
0018_2026002472_4619,18-2026002472,4116_DIEF_FISICO_QUIMICAS,P11_PROYECTOS,P11.03_PROYECTOS_INVEST_FINAN_INTERNA
0020_2026000234_4691,20-2026000234,4116_DIEF_FISICO_QUIMICAS,P11_PROYECTOS,P11.14_APOYO_GRUPOS_INVEST
0020_2026000323_8096,20-2026000323,4112_COORD_PROGRAMAS_PROYECTOS,P11_PROYECTOS,P11.02_PROY_INVEST_FINAN_EXT
0018_2026002324_4624,18-2026002324,4117_DIEF_FISICO_MECANICAS,P11_PROYECTOS,P11.03_PROYECTOS_INVEST_FINAN_INTERNA
0020_2026000346_8096,20-2026000346,4112_COORD_PROGRAMAS_PROYECTOS,P11_PROYECTOS,P11.02_PROY_INVEST_FINAN_EXT
0234_2026002514_8212,234-2026002514,4112_COORD_PROGRAMAS_PROYECTOS,P11_PROYECTOS,P11.02_PROY_INVEST_FINAN_EXT
0234_2026004581_8212,234-2026004581,4112_COORD_PROGRAMAS_PROYECTOS,P11_PROYECTOS,P11.02_PROY_INVEST_FINAN_EXT
0020_2026000347_8288,20-2026000347,4112_COORD_PROGRAMAS_PROYECTOS,P11_PROYECTOS,P11.02_PROY_INVEST_FINAN_EXT
0234_2026004585_8212,234-2026004585,4112_COORD_PROGRAMAS_PROYECTOS,P11_PROYECTOS,P11.02_PROY_INVEST_FINAN_EXT
0018_2026002434_4259,18-2026002434,4118_DIEF_SALUD,P11_PROYECTOS,P11.03_PROYECTOS_INVEST_FINAN_INTERNA
0234_2026002516_8212,234-2026002516,4112_COORD_PROGRAMAS_PROYECTOS,P11_PROYECTOS,P11.02_PROY_INVEST_FINAN_EXT
0234_2026002521_8212,234-2026002521,4112_COORD_PROGRAMAS_PROYECTOS,P11_PROYECTOS,P11.02_PROY_INVEST_FINAN_EXT
0234_2026003487_8212,234-2026003487,4112_COORD_PROGRAMAS_PROYECTOS,P11_PROYECTOS,P11.02_PROY_INVEST_FINAN_EXT
0234_2026002502_8212,234-2026002502,4112_COORD_PROGRAMAS_PROYECTOS,P11_PROYECTOS,P11.02_PROY_INVEST_FINAN_EXT
0234_2026002501_8212,234-2026002501,4112_COORD_PROGRAMAS_PROYECTOS,P11_PROYECTOS,P11.02_PROY_INVEST_FINAN_EXT
0020_2026000361_8096,20-2026000361,4112_COORD_PROGRAMAS_PROYECTOS,P11_PROYECTOS,P11.02_PROY_INVEST_FINAN_EXT
0234_2026002531_8212,234-2026002531,4112_COORD_PROGRAMAS_PROYECTOS,P11_PROYECTOS,P11.02_PROY_INVEST_FINAN_EXT
0234_2026002506_8212,234-2026002506,4112_COORD_PROGRAMAS_PROYECTOS,P11_PROYECTOS,P11.02_PROY_INVEST_FINAN_EXT
0234_2026002512_8212,234-2026002512,4112_COORD_PROGRAMAS_PROYECTOS,P11_PROYECTOS,P11.02_PROY_INVEST_FINAN_EXT
0049_2025000023_8943,49-2025000023,4112_PROYECTO_8943,P11_PROYECTOS,P11.13_PROY_REGALIAS_SGR
0234_2026002503_8212,234-2026002503,4112_COORD_PROGRAMAS_PROYECTOS,P11_PROYECTOS,P11.02_PROY_INVEST_FINAN_EXT
0234_2026002504_8212,234-2026002504,4112_COORD_PROGRAMAS_PROYECTOS,P11_PROYECTOS,P11.02_PROY_INVEST_FINAN_EXT
0018_2026002481_4624,18-2026002481,4117_DIEF_FISICO_MECANICAS,P11_PROYECTOS,P11.03_PROYECTOS_INVEST_FINAN_INTERNA
0234_2026004587_8212,234-2026004587,4112_COORD_PROGRAMAS_PROYECTOS,P11_PROYECTOS,P11.02_PROY_INVEST_FINAN_EXT
0234_2026002500_8212,234-2026002500,4112_COORD_PROGRAMAS_PROYECTOS,P11_PROYECTOS,P11.02_PROY_INVEST_FINAN_EXT
0234_2025014354_8054,234-2025014354,4112_COORD_PROGRAMAS_PROYECTOS,P11_PROYECTOS,P11.02_PROY_INVEST_FINAN_EXT
0234_2025016378_8054,234-2025016378,4112_COORD_PROGRAMAS_PROYECTOS,P11_PROYECTOS,P11.02_PROY_INVEST_FINAN_EXT
0234_2026000666_8212,234-2026000666,4112_COORD_PROGRAMAS_PROYECTOS,P11_PROYECTOS,P11.02_PROY_INVEST_FINAN_EXT
0234_2026000620_8212,234-2026000620,4112_COORD_PROGRAMAS_PROYECTOS,P11_PROYECTOS,P11.02_PROY_INVEST_FINAN_EXT
0234_2026000622_8212,234-2026000622,4112_COORD_PROGRAMAS_PROYECTOS,P11_PROYECTOS,P11.02_PROY_INVEST_FINAN_EXT
0234_2026000636_8212,234-2026000636,4112_COORD_PROGRAMAS_PROYECTOS,P11_PROYECTOS,P11.02_PROY_INVEST_FINAN_EXT
0234_2026000608_8212,234-2026000608,4112_COORD_PROGRAMAS_PROYECTOS,P11_PROYECTOS,P11.02_PROY_INVEST_FINAN_EXT
0234_2026000039_8212,234-2026000039,4112_COORD_PROGRAMAS_PROYECTOS,P11_PROYECTOS,P11.02_PROY_INVEST_FINAN_EXT
0234_2026000613_8212,234-2026000613,4112_COORD_PROGRAMAS_PROYECTOS,P11_PROYECTOS,P11.02_PROY_INVEST_FINAN_EXT
0234_2026000614_8212,234-2026000614,4112_COORD_PROGRAMAS_PROYECTOS,P11_PROYECTOS,P11.02_PROY_INVEST_FINAN_EXT
0234_2026000615_8212,234-2026000615,4112_COORD_PROGRAMAS_PROYECTOS,P11_PROYECTOS,P11.02_PROY_INVEST_FINAN_EXT
0234_2026000617_8212,234-2026000617,4112_COORD_PROGRAMAS_PROYECTOS,P11_PROYECTOS,P11.02_PROY_INVEST_FINAN_EXT
0234_2026002111_8212,234-2026002111,4112_COORD_PROGRAMAS_PROYECTOS,P11_PROYECTOS,P11.02_PROY_INVEST_FINAN_EXT
0234_2026000671_8212,234-2026000671,4112_COORD_PROGRAMAS_PROYECTOS,P11_PROYECTOS,P11.02_PROY_INVEST_FINAN_EXT
0234_2026000791_8212,234-2026000791,4112_COORD_PROGRAMAS_PROYECTOS,P11_PROYECTOS,P11.02_PROY_INVEST_FINAN_EXT
0234_2026002249_8212,234-2026002249,4112_COORD_PROGRAMAS_PROYECTOS,P11_PROYECTOS,P11.02_PROY_INVEST_FINAN_EXT
0234_2026002499_8212,234-2026002499,4112_COORD_PROGRAMAS_PROYECTOS,P11_PROYECTOS,P11.02_PROY_INVEST_FINAN_EXT
0020_2026000360_8944,20-2026000360,4112_PROYECTO_8944,P11_PROYECTOS,P11.13_PROY_REGALIAS_SGR
0018_2026002501_4695,18-2026002501,4118_DIEF_SALUD,P11_PROYECTOS,P11.14_APOYO_GRUPOS_INVEST
0020_2026000349_8288,20-2026000349,4112_COORD_PROGRAMAS_PROYECTOS,P11_PROYECTOS,P11.02_PROY_INVEST_FINAN_EXT
0234_2026004843_8212,234-2026004843,4112_COORD_PROGRAMAS_PROYECTOS,P11_PROYECTOS,P11.02_PROY_INVEST_FINAN_EXT
0234_2026004640_8212,234-2026004640,4112_COORD_PROGRAMAS_PROYECTOS,P11_PROYECTOS,P11.02_PROY_INVEST_FINAN_EXT
0234_2026004841_8212,234-2026004841,4112_COORD_PROGRAMAS_PROYECTOS,P11_PROYECTOS,P11.02_PROY_INVEST_FINAN_EXT
0018_2026002433_8212,18-2026002433,4112_COORD_PROGRAMAS_PROYECTOS,P11_PROYECTOS,P11.02_PROY_INVEST_FINAN_EXT
0270_2026000747_8094,270-2026000747,4112_COORD_PROGRAMAS_PROYECTOS,P11_PROYECTOS,P11.02_PROY_INVEST_FINAN_EXT
ELIMINAR_CONVENIOS,,1110_RECTORIA,C10_CONVENIOS,C10.11_CONVENIOS_INTERADMINISTRATIVOS
0021_2026000283_7837,21-2026000283,2240_SEDE_BARRANCABERMEJA,C09_CONTRATOS,C09.08_ORDEN_COMPRA
Grupo_03_DC_077,,3112_DIV_CONTRATACION,C09_CONTRATOS,C09.14_CONVOCATORIA_PUBLICA
0374_2026000027_4516,374-2026000027,3112_DIV_CONTRATACION,C09_CONTRATOS,C09.29_ORDEN_PREST_SERVI_IMPOR
0019_2026000096_1464,19-2026000096,3160_DIV_PLANTA_FISICA,C09_CONTRATOS,C09.12_ORDEN_TRABAJO
0298_2025000211_3160_EV002,298-2025000211,3160_DIV_PLANTA_FISICA,C09_CONTRATOS,C09.27_CONV_PUBLICA_ABREV
0019_2026000089_7087,19-2026000089,6210_DEC_FAC_CIENCIAS_HUMANAS,C09_CONTRATOS,C09.12_ORDEN_TRABAJO
0018_2026002296_9398,18-2026002296,6540_ESC_ING_CIVIL,C09_CONTRATOS,C09.11_ORDEN_PRESTACION_SERVICIOS
0018_2026002336_1454,18-2026002336,2110_VICE_ACADEMICA,C09_CONTRATOS,C09.11_ORDEN_PRESTACION_SERVICIOS
0020_2026000263_9198,20-2026000263,4110_VICE_INVESTIGACION_EXTENSION,C09_CONTRATOS,C09.08_ORDEN_COMPRA
Grupo_01_DC_078,,3112_DIV_CONTRATACION,C09_CONTRATOS,C09.14_CONVOCATORIA_PUBLICA
0234_2026011031_7837,234-2026011031,2240_SEDE_BARRANCABERMEJA,C09_CONTRATOS,C09.10_ORDEN_PAGO
0018_2026002243_3140,18-2026002243,3140_DIV_FINANCIERA,C09_CONTRATOS,C09.11_ORDEN_PRESTACION_SERVICIOS
0020_2026000267_9129,20-2026000267,6150_ESC_QUIMICA,C09_CONTRATOS,C09.08_ORDEN_COMPRA
0020_2026000268_6150,20-2026000268,6150_ESC_QUIMICA,C09_CONTRATOS,C09.08_ORDEN_COMPRA
0298_2025000143_3160_EV069,298-2025000143,3160_DIV_PLANTA_FISICA,C09_CONTRATOS,C09.27_CONV_PUBLICA_ABREV
0018_2026002371_7077,18-2026002371,4110_CICTA,C09_CONTRATOS,C09.11_ORDEN_PRESTACION_SERVICIOS
0018_2026002369_7077,18-2026002369,4110_CICTA,C09_CONTRATOS,C09.11_ORDEN_PRESTACION_SERVICIOS
0018_2026002350_7837,18-2026002350,2240_SEDE_BARRANCABERMEJA,C09_CONTRATOS,C09.11_ORDEN_PRESTACION_SERVICIOS
0018_2026002332_7820,18-2026002332,6530_ESC_ESTUDIOS_INDUST_EMPRESARIALES,C09_CONTRATOS,C09.11_ORDEN_PRESTACION_SERVICIOS
0298_2026000256_3160_EV047,298-2026000256,3160_DIV_PLANTA_FISICA,C09_CONTRATOS,C09.27_CONV_PUBLICA_ABREV
0298_2026000260_3160_EV050,298-2026000260,3160_DIV_PLANTA_FISICA,C09_CONTRATOS,C09.27_CONV_PUBLICA_ABREV
0298_2025000284_7061_EV004,298-2025000284,3160_DIV_PLANTA_FISICA,C09_CONTRATOS,C09.27_CONV_PUBLICA_ABREV
0018_2026002347_7966,18-2026002347,6140_ESC_MATEMATICAS,C09_CONTRATOS,C09.11_ORDEN_PRESTACION_SERVICIOS
0018_2026002366_7966,18-2026002366,6140_ESC_MATEMATICAS,C09_CONTRATOS,C09.11_ORDEN_PRESTACION_SERVICIOS
0018_2026002360_7966,18-2026002360,6140_ESC_MATEMATICAS,C09_CONTRATOS,C09.11_ORDEN_PRESTACION_SERVICIOS
0018_2026002374_8319,18-2026002374,2170_DIR_CULTURAL,C09_CONTRATOS,C09.11_ORDEN_PRESTACION_SERVICIOS
0018_2026002404_7730,18-2026002404,6540_ESC_ING_CIVIL,C09_CONTRATOS,C09.11_ORDEN_PRESTACION_SERVICIOS
0018_2026002394_9398,18-2026002394,6540_ESC_ING_CIVIL,C09_CONTRATOS,C09.11_ORDEN_PRESTACION_SERVICIOS
000000000000000000,,1110_RECTORIA,C09_CONTRATOS,C09.08_ORDEN_COMPRA
0020_2026000214_7098,20-2026000214,1110_RECTORIA,C09_CONTRATOS,C09.08_ORDEN_COMPRA
0018_2026002238_7916,18-2026002238,6530_ESC_ESTUDIOS_INDUST_EMPRESARIALES,C09_CONTRATOS,C09.11_ORDEN_PRESTACION_SERVICIOS
0018_2026002143_7233,18-2026002143,6250_ESC_EDUCACION,C09_CONTRATOS,C09.11_ORDEN_PRESTACION_SERVICIOS
0018_2026002264_3180,18-2026002264,3180_DIV_GESTION_TALENTO_HUMANO,C09_CONTRATOS,C09.11_ORDEN_PRESTACION_SERVICIOS
0298_2025000289_7061_EV008,298-2025000289,3160_DIV_PLANTA_FISICA,C09_CONTRATOS,C09.27_CONV_PUBLICA_ABREV
0298_2025000369_1468_EV009,298-2025000369,3160_DIV_PLANTA_FISICA,C09_CONTRATOS,C09.27_CONV_PUBLICA_ABREV
0298_2025000389_1468_EV010,298-2025000389,3160_DIV_PLANTA_FISICA,C09_CONTRATOS,C09.27_CONV_PUBLICA_ABREV
0298_2025000400_1468_EV011,298-2025000400,3160_DIV_PLANTA_FISICA,C09_CONTRATOS,C09.27_CONV_PUBLICA_ABREV
0020_2026000215_7025,20-2026000215,6150_ESC_QUIMICA,C09_CONTRATOS,C09.08_ORDEN_COMPRA
0018_2026002282_7068,18-2026002282,6530_ESC_ESTUDIOS_INDUST_EMPRESARIALES,C09_CONTRATOS,C09.11_ORDEN_PRESTACION_SERVICIOS
0020_2026000252_9708,20-2026000252,1112_UISALUD,C09_CONTRATOS,C09.08_ORDEN_COMPRA
0018_2026002283_7801,18-2026002283,6260_ESC_HISTORIA,C09_CONTRATOS,C09.11_ORDEN_PRESTACION_SERVICIOS
0019_2026000088_3160,19-2026000088,3160_DIV_PLANTA_FISICA,C09_CONTRATOS,C09.12_ORDEN_TRABAJO
0018_2026002087_7233,18-2026002087,6250_ESC_EDUCACION,C09_CONTRATOS,C09.11_ORDEN_PRESTACION_SERVICIOS
0234_2026010994 _7837,234-2026010994,2240_SEDE_BARRANCABERMEJA,C09_CONTRATOS,C09.10_ORDEN_PAGO
0298_2025000106_7062_EV068,298-2025000106,3160_DIV_PLANTA_FISICA,C09_CONTRATOS,C09.27_CONV_PUBLICA_ABREV
0018_2026002321_7077,18-2026002321,4110_CICTA,C09_CONTRATOS,C09.11_ORDEN_PRESTACION_SERVICIOS
0018_2026002237_7916,18-2026002237,6530_ESC_ESTUDIOS_INDUST_EMPRESARIALES,C09_CONTRATOS,C09.11_ORDEN_PRESTACION_SERVICIOS
0234_2026011225_2240,234-2026011225,2240_SEDE_BARRANCABERMEJA,C09_CONTRATOS,C09.10_ORDEN_PAGO
0018_2026002420_7068,18-2026002420,6530_ESC_ESTUDIOS_INDUST_EMPRESARIALES,C09_CONTRATOS,C09.11_ORDEN_PRESTACION_SERVICIOS
0234_2026011220_2240,234-2026011220,2240_SEDE_BARRANCABERMEJA,C09_CONTRATOS,C09.10_ORDEN_PAGO
0234_2026011221_2240,234-2026011221,2240_SEDE_BARRANCABERMEJA,C09_CONTRATOS,C09.10_ORDEN_PAGO
0018_2026002351_4512,18-2026002351,4110_VICE_INVESTIGACION_EXTENSION,C09_CONTRATOS,C09.11_ORDEN_PRESTACION_SERVICIOS
0018_2026002439_9280,18-2026002439,6440_ESC_ING_PETROLEOS,C09_CONTRATOS,C09.11_ORDEN_PRESTACION_SERVICIOS
0018_2026002425_9280,18-2026002425,6440_ESC_ING_PETROLEOS,C09_CONTRATOS,C09.11_ORDEN_PRESTACION_SERVICIOS
0020_202600275_7072,20-202600275,2127_COORD_SERVIC_ALIMENTACION,C09_CONTRATOS,C09.08_ORDEN_COMPRA
0020_2026000303_6150,20-2026000303,6150_ESC_QUIMICA,C09_CONTRATOS,C09.08_ORDEN_COMPRA
0018_2026002431_9398,18-2026002431,6540_ESC_ING_CIVIL,C09_CONTRATOS,C09.11_ORDEN_PRESTACION_SERVICIOS
0450_2026000084_3140,450-2026000084,3140_DIV_FINANCIERA,C09_CONTRATOS,C09.17_ORDEN_CONSULTORIA
0018_2026002270_1454,18-2026002270,2110_VICE_ACADEMICA,C09_CONTRATOS,C09.11_ORDEN_PRESTACION_SERVICIOS
0298_2026000263_7047,298-2026000263,1110_SEDE_GUATIGUARA,C09_CONTRATOS,C09.33_ORDEN_SUMINISTROS
0018_2026002260_1454,18-2026002260,2110_VICE_ACADEMICA,C09_CONTRATOS,C09.11_ORDEN_PRESTACION_SERVICIOS
0018_2026002368_3140,18-2026002368,3140_DIV_FINANCIERA,C09_CONTRATOS,C09.11_ORDEN_PRESTACION_SERVICIOS
0018_2026002262_1454,18-2026002262,2110_VICE_ACADEMICA,C09_CONTRATOS,C09.11_ORDEN_PRESTACION_SERVICIOS
0270_2026000727_1468_EV016,270-2026000727,3160_DIV_PLANTA_FISICA,C09_CONTRATOS,C09.27_CONV_PUBLICA_ABREV
0298_2026000248_3160_EV110,298-2026000248,3160_DIV_PLANTA_FISICA,C09_CONTRATOS,C09.27_CONV_PUBLICA_ABREV
0298_2026000249_3160_EV109,298-2026000249,3160_DIV_PLANTA_FISICA,C09_CONTRATOS,C09.27_CONV_PUBLICA_ABREV
0298_2026000251_1468_EV112,298-2026000251,3160_DIV_PLANTA_FISICA,C09_CONTRATOS,C09.27_CONV_PUBLICA_ABREV
0298_2026000252_3160_EV113,298-2026000252,3160_DIV_PLANTA_FISICA,C09_CONTRATOS,C09.27_CONV_PUBLICA_ABREV
Grupo_03_DC_093_AXA,,3112_DIV_CONTRATACION,C09_CONTRATOS,C09.14_CONVOCATORIA_PUBLICA
0018_2026000352_9769,18-2026000352,6290_DPTO_EDUCACION_FISICA_DEPORTES,C09_CONTRATOS,C09.11_ORDEN_PRESTACION_SERVICIOS
0018_2026000382_9769,18-2026000382,6290_DPTO_EDUCACION_FISICA_DEPORTES,C09_CONTRATOS,C09.11_ORDEN_PRESTACION_SERVICIOS
0018_2026000852_9769,18-2026000852,6290_DPTO_EDUCACION_FISICA_DEPORTES,C09_CONTRATOS,C09.11_ORDEN_PRESTACION_SERVICIOS
0018_2026002345_3140,18-2026002345,3140_DIV_FINANCIERA,C09_CONTRATOS,C09.11_ORDEN_PRESTACION_SERVICIOS
2025000020_9701,,1112_UISALUD,C09_CONTRATOS,C09.23_CONTR_PREST_SERVI_RED_SALUD
0018_2026002291_9769,18-2026002291,6290_DPTO_EDUCACION_FISICA_DEPORTES,C09_CONTRATOS,C09.11_ORDEN_PRESTACION_SERVICIOS
0019_2026000110_3160,19-2026000110,3160_DIV_PLANTA_FISICA,C09_CONTRATOS,C09.12_ORDEN_TRABAJO
0018_2026002381_8319,18-2026002381,2170_DIR_CULTURAL,C09_CONTRATOS,C09.11_ORDEN_PRESTACION_SERVICIOS
0234_2026011362_2240,234-2026011362,2240_SEDE_BARRANCABERMEJA,C09_CONTRATOS,C09.10_ORDEN_PAGO
2025000023_9701_9703,,1112_UISALUD,C09_CONTRATOS,C09.23_CONTR_PREST_SERVI_RED_SALUD
2025000056_9701,,1112_UISALUD,C09_CONTRATOS,C09.23_CONTR_PREST_SERVI_RED_SALUD
0298_2026000262_9669,298-2026000262,3170_DIV_PUBLICACIONES,C09_CONTRATOS,C09.33_ORDEN_SUMINISTROS
0298_2026000266_9669,298-2026000266,3170_DIV_PUBLICACIONES,C09_CONTRATOS,C09.33_ORDEN_SUMINISTROS
0018_2026002308_3140,18-2026002308,3140_DIV_FINANCIERA,C09_CONTRATOS,C09.11_ORDEN_PRESTACION_SERVICIOS
2025000069_9701,,1112_UISALUD,C09_CONTRATOS,C09.23_CONTR_PREST_SERVI_RED_SALUD
2025000072_9701,,1112_UISALUD,C09_CONTRATOS,C09.23_CONTR_PREST_SERVI_RED_SALUD
2025000089_9701,,1112_UISALUD,C09_CONTRATOS,C09.23_CONTR_PREST_SERVI_RED_SALUD
2025000088_9701,,1112_UISALUD,C09_CONTRATOS,C09.23_CONTR_PREST_SERVI_RED_SALUD
2025000165_9701,,1112_UISALUD,C09_CONTRATOS,C09.23_CONTR_PREST_SERVI_RED_SALUD
2025000237_9701,,1112_UISALUD,C09_CONTRATOS,C09.23_CONTR_PREST_SERVI_RED_SALUD
0298_2025000382_4517,298-2025000382,3160_DIV_PLANTA_FISICA,C09_CONTRATOS,C09.33_ORDEN_SUMINISTROS
0020_2026000311_7081,20-2026000311,6290_DPTO_EDUCACION_FISICA_DEPORTES,C09_CONTRATOS,C09.08_ORDEN_COMPRA
0298_2025000379_4517,298-2025000379,3160_DIV_PLANTA_FISICA,C09_CONTRATOS,C09.33_ORDEN_SUMINISTROS
0018_2026002438_7916,18-2026002438,6530_ESC_ESTUDIOS_INDUST_EMPRESARIALES,C09_CONTRATOS,C09.11_ORDEN_PRESTACION_SERVICIOS
0018_2026002446_4516,18-2026002446,2140_BIBLIOTECA,C09_CONTRATOS,C09.11_ORDEN_PRESTACION_SERVICIOS
0234_2026011456_2240,234-2026011456,2240_SEDE_BARRANCABERMEJA,C09_CONTRATOS,C09.10_ORDEN_PAGO
0234_2026011472_2240,234-2026011472,2240_SEDE_BARRANCABERMEJA,C09_CONTRATOS,C09.10_ORDEN_PAGO
0018_2026002386_9669,18-2026002386,3170_DIV_PUBLICACIONES,C09_CONTRATOS,C09.11_ORDEN_PRESTACION_SERVICIOS
0019_2026000103_3160,19-2026000103,3160_DIV_PLANTA_FISICA,C09_CONTRATOS,C09.12_ORDEN_TRABAJO
0298_2025000380_4517,298-2025000380,3160_DIV_PLANTA_FISICA,C09_CONTRATOS,C09.33_ORDEN_SUMINISTROS
0298_2026000247_1468_EV111,298-2026000247,3160_DIV_PLANTA_FISICA,C09_CONTRATOS,C09.27_CONV_PUBLICA_ABREV
0019_2026000102_3160,19-2026000102,3160_DIV_PLANTA_FISICA,C09_CONTRATOS,C09.12_ORDEN_TRABAJO
0020_2026000298_6150,20-2026000298,6150_ESC_QUIMICA,C09_CONTRATOS,C09.08_ORDEN_COMPRA
0018_2026002395_9291,18-2026002395,6520_ESC_DISENO_INDUSTRIAL,C09_CONTRATOS,C09.11_ORDEN_PRESTACION_SERVICIOS
0018_2026002319_9769,18-2026002319,6290_DPTO_EDUCACION_FISICA_DEPORTES,C09_CONTRATOS,C09.11_ORDEN_PRESTACION_SERVICIOS
0018_2026002391_7064,18-2026002391,6810_DEC_FAC_SALUD,C09_CONTRATOS,C09.11_ORDEN_PRESTACION_SERVICIOS
18_2026002440_7068,,6530_ESC_ESTUDIOS_INDUST_EMPRESARIALES,C09_CONTRATOS,C09.11_ORDEN_PRESTACION_SERVICIOS
18_2026002420_7068,,6530_ESC_ESTUDIOS_INDUST_EMPRESARIALES,C09_CONTRATOS,C09.11_ORDEN_PRESTACION_SERVICIOS
18_2026002441_7068,,6530_ESC_ESTUDIOS_INDUST_EMPRESARIALES,C09_CONTRATOS,C09.11_ORDEN_PRESTACION_SERVICIOS
0018_2026002460_7233,18-2026002460,6250_ESC_EDUCACION,C09_CONTRATOS,C09.11_ORDEN_PRESTACION_SERVICIOS
2026011539_2250,,2250_SEDE_BARBOSA,C09_CONTRATOS,C09.10_ORDEN_PAGO
2026011540_2250,,2250_SEDE_BARBOSA,C09_CONTRATOS,C09.10_ORDEN_PAGO
0018_2026002428_7093,18-2026002428,6510_DEC_FAC_ING_FISICOMECANICAS,C09_CONTRATOS,C09.11_ORDEN_PRESTACION_SERVICIOS
0018_2026002466_9124,18-2026002466,6550_E3T,C09_CONTRATOS,C09.11_ORDEN_PRESTACION_SERVICIOS
0018_2026002387_9174,18-2026002387,6450_ESC_ING_QUIMICA,C09_CONTRATOS,C09.11_ORDEN_PRESTACION_SERVICIOS
0019_2026000090_3160,19-2026000090,3160_DIV_PLANTA_FISICA,C09_CONTRATOS,C09.12_ORDEN_TRABAJO
0020_2026000293_7081,20-2026000293,6290_DPTO_EDUCACION_FISICA_DEPORTES,C09_CONTRATOS,C09.08_ORDEN_COMPRA
18_2026002447_7749,,6530_ESC_ESTUDIOS_INDUST_EMPRESARIALES,C09_CONTRATOS,C09.11_ORDEN_PRESTACION_SERVICIOS
0234_2026011448_2240,234-2026011448,2240_SEDE_BARRANCABERMEJA,C09_CONTRATOS,C09.10_ORDEN_PAGO
0018_2026002416_7849,18-2026002416,6560_ESC_ING_MECANICA,C09_CONTRATOS,C09.11_ORDEN_PRESTACION_SERVICIOS
0298_2025000333_3160,298-2025000333,3160_DIV_PLANTA_FISICA,C09_CONTRATOS,C09.33_ORDEN_SUMINISTROS
0018_2026002300_7087,18-2026002300,6210_DEC_FAC_CIENCIAS_HUMANAS,C09_CONTRATOS,C09.11_ORDEN_PRESTACION_SERVICIOS
0270_2026000715_1468,270-2026000715,6540_ESC_ING_CIVIL,C09_CONTRATOS,C09.08_ORDEN_COMPRA
0298_2025000263_9205_EV007,298-2025000263,3160_DIV_PLANTA_FISICA,C09_CONTRATOS,C09.27_CONV_PUBLICA_ABREV
0018_2026002267_3180,18-2026002267,3180_DIV_GESTION_TALENTO_HUMANO,C09_CONTRATOS,C09.11_ORDEN_PRESTACION_SERVICIOS
0018_2026002285_3180,18-2026002285,3180_DIV_GESTION_TALENTO_HUMANO,C09_CONTRATOS,C09.11_ORDEN_PRESTACION_SERVICIOS
0298_2025000236_3160_EV009,298-2025000236,3160_DIV_PLANTA_FISICA,C09_CONTRATOS,C09.27_CONV_PUBLICA_ABREV
0298_2025000296_7062_EV011,298-2025000296,3160_DIV_PLANTA_FISICA,C09_CONTRATOS,C09.27_CONV_PUBLICA_ABREV
0298_2025000285_3160_EV010,298-2025000285,3160_DIV_PLANTA_FISICA,C09_CONTRATOS,C09.27_CONV_PUBLICA_ABREV
0020_2026000265_7053,20-2026000265,1114_DIR_COMUNICACIONES,C09_CONTRATOS,C09.08_ORDEN_COMPRA
0020_2026000244_4819,20-2026000244,4110_VICE_INVESTIGACION_EXTENSION,C09_CONTRATOS,C09.08_ORDEN_COMPRA
0018_2026002307_7807,18-2026002307,6140_ESC_MATEMATICAS,C09_CONTRATOS,C09.11_ORDEN_PRESTACION_SERVICIOS
0018_2026002306_7807,18-2026002306,6140_ESC_MATEMATICAS,C09_CONTRATOS,C09.11_ORDEN_PRESTACION_SERVICIOS
0298_2025000391_1468_EV021,298-2025000391,3160_DIV_PLANTA_FISICA,C09_CONTRATOS,C09.27_CONV_PUBLICA_ABREV
0298_2025000390_1468_EV020,298-2025000390,3160_DIV_PLANTA_FISICA,C09_CONTRATOS,C09.27_CONV_PUBLICA_ABREV
0298_2025000004_7062_EV067,298-2025000004,3160_DIV_PLANTA_FISICA,C09_CONTRATOS,C09.27_CONV_PUBLICA_ABREV
0234_2026010045_6430,234-2026010045,6430_ESC_ING_METALUR_CIENCIAS_MATERIALES,C09_CONTRATOS,C09.10_ORDEN_PAGO
0018_2026002209_3140,18-2026002209,3140_DIV_FINANCIERA,C09_CONTRATOS,C09.11_ORDEN_PRESTACION_SERVICIOS
0018_2026002263_7069,18-2026002263,6820_ESC_MICROBIOLOGIA,C09_CONTRATOS,C09.11_ORDEN_PRESTACION_SERVICIOS
0298_2025000353_3160_EV016,298-2025000353,3160_DIV_PLANTA_FISICA,C09_CONTRATOS,C09.27_CONV_PUBLICA_ABREV
0298_2025000355_3160_EV017,298-2025000355,3160_DIV_PLANTA_FISICA,C09_CONTRATOS,C09.27_CONV_PUBLICA_ABREV
0298_2025000364_1468_EV018,298-2025000364,3160_DIV_PLANTA_FISICA,C09_CONTRATOS,C09.27_CONV_PUBLICA_ABREV
0298_2025000344_3160_EV014,298-2025000344,3160_DIV_PLANTA_FISICA,C09_CONTRATOS,C09.27_CONV_PUBLICA_ABREV
0298_2025000313_3160_EV013,298-2025000313,3160_DIV_PLANTA_FISICA,C09_CONTRATOS,C09.27_CONV_PUBLICA_ABREV
0298_2025000351_3160_EV015,298-2025000351,3160_DIV_PLANTA_FISICA,C09_CONTRATOS,C09.27_CONV_PUBLICA_ABREV
0298_2025000309_7062_EV012,298-2025000309,3160_DIV_PLANTA_FISICA,C09_CONTRATOS,C09.27_CONV_PUBLICA_ABREV
0298_2025000374_1468_EV019,298-2025000374,3160_DIV_PLANTA_FISICA,C09_CONTRATOS,C09.27_CONV_PUBLICA_ABREV
0018_2026002090_7003,18-2026002090,6250_ESC_EDUCACION,C09_CONTRATOS,C09.11_ORDEN_PRESTACION_SERVICIOS
0298_2025000398_1468_EV023,298-2025000398,3160_DIV_PLANTA_FISICA,C09_CONTRATOS,C09.27_CONV_PUBLICA_ABREV
0298_2025000397_3160_EV022,298-2025000397,3160_DIV_PLANTA_FISICA,C09_CONTRATOS,C09.27_CONV_PUBLICA_ABREV
0298_2025000200_9102_EV005,298-2025000200,3160_DIV_PLANTA_FISICA,C09_CONTRATOS,C09.27_CONV_PUBLICA_ABREV
0298_2025000098_7062_EV004,298-2025000098,3160_DIV_PLANTA_FISICA,C09_CONTRATOS,C09.27_CONV_PUBLICA_ABREV
0018_2026002325_1454,18-2026002325,2110_VICE_ACADEMICA,C09_CONTRATOS,C09.11_ORDEN_PRESTACION_SERVICIOS
0234_2026010836_2240,234-2026010836,2240_SEDE_BARRANCABERMEJA,C09_CONTRATOS,C09.10_ORDEN_PAGO
0018_2026002292_3140,18-2026002292,3140_DIV_FINANCIERA,C09_CONTRATOS,C09.11_ORDEN_PRESTACION_SERVICIOS
0018_2026001435_7021,18-2026001435,6450_ESC_ING_QUIMICA,C09_CONTRATOS,C09.11_ORDEN_PRESTACION_SERVICIOS
0018_2026002223_3140,18-2026002223,3140_DIV_FINANCIERA,C09_CONTRATOS,C09.11_ORDEN_PRESTACION_SERVICIOS
0018_2026002294_3140,18-2026002294,3140_DIV_FINANCIERA,C09_CONTRATOS,C09.11_ORDEN_PRESTACION_SERVICIOS
0018_2026002265_7025,18-2026002265,6150_ESC_QUIMICA,C09_CONTRATOS,C09.11_ORDEN_PRESTACION_SERVICIOS
0018_2026002224_3140,18-2026002224,3140_DIV_FINANCIERA,C09_CONTRATOS,C09.11_ORDEN_PRESTACION_SERVICIOS
0018_2026002138_7025,18-2026002138,6150_ESC_QUIMICA,C09_CONTRATOS,C09.11_ORDEN_PRESTACION_SERVICIOS
0018_2026002299_7025,18-2026002299,6150_ESC_QUIMICA,C09_CONTRATOS,C09.11_ORDEN_PRESTACION_SERVICIOS
0018_2026002320_7025,18-2026002320,6150_ESC_QUIMICA,C09_CONTRATOS,C09.11_ORDEN_PRESTACION_SERVICIOS
0298_2026000250_3160_EV108,298-2026000250,3160_DIV_PLANTA_FISICA,C09_CONTRATOS,C09.27_CONV_PUBLICA_ABREV
0020_2026000270_7983,20-2026000270,6150_ESC_QUIMICA,C09_CONTRATOS,C09.08_ORDEN_COMPRA
0019_2026000099_1464,19-2026000099,3160_DIV_PLANTA_FISICA,C09_CONTRATOS,C09.12_ORDEN_TRABAJO
0019_2026000092_1464,19-2026000092,3160_DIV_PLANTA_FISICA,C09_CONTRATOS,C09.12_ORDEN_TRABAJO
0018_2026002328_6863,18-2026002328,6863_DPTO_GINECOBSTETRICIA,C09_CONTRATOS,C09.11_ORDEN_PRESTACION_SERVICIOS
0018_2026002323_7032,18-2026002323,2110_VICE_ACADEMICA,C09_CONTRATOS,C09.11_ORDEN_PRESTACION_SERVICIOS
0018_2026002322_8319,18-2026002322,2170_DIR_CULTURAL,C09_CONTRATOS,C09.11_ORDEN_PRESTACION_SERVICIOS
0018_2026002271_1454,18-2026002271,2110_VICE_ACADEMICA,C09_CONTRATOS,C09.11_ORDEN_PRESTACION_SERVICIOS
0018_2026002269_1454,18-2026002269,2110_VICE_ACADEMICA,C09_CONTRATOS,C09.11_ORDEN_PRESTACION_SERVICIOS
0018_2026002338_7016,18-2026002338,6440_ESC_ING_PETROLEOS,C09_CONTRATOS,C09.11_ORDEN_PRESTACION_SERVICIOS
0374_2026000026_4516,374-2026000026,3112_DIV_CONTRATACION,C09_CONTRATOS,C09.29_ORDEN_PREST_SERVI_IMPOR
0049_2026000021_8052,49-2026000021,3112_DIV_CONTRATACION,C09_CONTRATOS,C09.28_ORDEN_COMPRA_IMPORTACION
2026010839_7930,,2250_SEDE_BARBOSA,C09_CONTRATOS,C09.10_ORDEN_PAGO
0018_2026002365_9291,18-2026002365,6520_ESC_DISENO_INDUSTRIAL,C09_CONTRATOS,C09.11_ORDEN_PRESTACION_SERVICIOS
0018_2026002415_7442,18-2026002415,6440_ESC_ING_PETROLEOS,C09_CONTRATOS,C09.11_ORDEN_PRESTACION_SERVICIOS
2026010981_2250,,2250_SEDE_BARBOSA,C09_CONTRATOS,C09.10_ORDEN_PAGO
2026010987_2250,,2250_SEDE_BARBOSA,C09_CONTRATOS,C09.10_ORDEN_PAGO
0020_2026000011_7912,20-2026000011,6540_ESC_ING_CIVIL,C09_CONTRATOS,C09.08_ORDEN_COMPRA
0020_2026000028_7912,20-2026000028,6540_ESC_ING_CIVIL,C09_CONTRATOS,C09.08_ORDEN_COMPRA
2026011218_2250,,2250_SEDE_BARBOSA,C09_CONTRATOS,C09.10_ORDEN_PAGO
0018_2026001591_7912,18-2026001591,6540_ESC_ING_CIVIL,C09_CONTRATOS,C09.11_ORDEN_PRESTACION_SERVICIOS
0019_2026000034_7912,19-2026000034,6540_ESC_ING_CIVIL,C09_CONTRATOS,C09.12_ORDEN_TRABAJO
0450_2026000012_7912,450-2026000012,6540_ESC_ING_CIVIL,C09_CONTRATOS,C09.17_ORDEN_CONSULTORIA
0018_2026002401_7016,18-2026002401,6440_ESC_ING_PETROLEOS,C09_CONTRATOS,C09.11_ORDEN_PRESTACION_SERVICIOS
0450_2026000085_7912,450-2026000085,6540_ESC_ING_CIVIL,C09_CONTRATOS,C09.17_ORDEN_CONSULTORIA
0018_2026002400_7016,18-2026002400,6440_ESC_ING_PETROLEOS,C09_CONTRATOS,C09.11_ORDEN_PRESTACION_SERVICIOS
0450_2026000086_7912,450-2026000086,6540_ESC_ING_CIVIL,C09_CONTRATOS,C09.17_ORDEN_CONSULTORIA
0020_2026000296_3170,20-2026000296,3170_DIV_PUBLICACIONES,C09_CONTRATOS,C09.08_ORDEN_COMPRA
0019_2026000101_1464,19-2026000101,3160_DIV_PLANTA_FISICA,C09_CONTRATOS,C09.12_ORDEN_TRABAJO
0018_2026002219_3140,18-2026002219,3140_DIV_FINANCIERA,C09_CONTRATOS,C09.11_ORDEN_PRESTACION_SERVICIOS
0020_2026000277_7018,20-2026000277,3170_DIV_PUBLICACIONES,C09_CONTRATOS,C09.08_ORDEN_COMPRA
0018_2026002333_9765,18-2026002333,4110_GIT,C09_CONTRATOS,C09.11_ORDEN_PRESTACION_SERVICIOS
0020_2026000274_9198,20-2026000274,4110_VICE_INVESTIGACION_EXTENSION,C09_CONTRATOS,C09.08_ORDEN_COMPRA
0018_2026002302_3140,18-2026002302,3140_DIV_FINANCIERA,C09_CONTRATOS,C09.11_ORDEN_PRESTACION_SERVICIOS
0020_2026000282_9129,20-2026000282,6150_ESC_QUIMICA,C09_CONTRATOS,C09.08_ORDEN_COMPRA
0234_2026011021_2240,234-2026011021,2240_SEDE_BARRANCABERMEJA,C09_CONTRATOS,C09.10_ORDEN_PAGO
0018_2026002388_7016,18-2026002388,6440_ESC_ING_PETROLEOS,C09_CONTRATOS,C09.11_ORDEN_PRESTACION_SERVICIOS
0298_2025000250_7062_EV003,298-2025000250,3160_DIV_PLANTA_FISICA,C09_CONTRATOS,C09.27_CONV_PUBLICA_ABREV
0018_2026002361_7085,18-2026002361,3160_DIV_PLANTA_FISICA,C09_CONTRATOS,C09.11_ORDEN_PRESTACION_SERVICIOS
0018_2026002373_8319,18-2026002373,2170_DIR_CULTURAL,C09_CONTRATOS,C09.11_ORDEN_PRESTACION_SERVICIOS
0018_2026002342_7094,18-2026002342,6410_DEC_FAC_ING_FISICO_QUIMICAS,C09_CONTRATOS,C09.11_ORDEN_PRESTACION_SERVICIOS
0018_2026002393_7016,18-2026002393,6440_ESC_ING_PETROLEOS,C09_CONTRATOS,C09.11_ORDEN_PRESTACION_SERVICIOS
0018_2026002377_8319,18-2026002377,2170_DIR_CULTURAL,C09_CONTRATOS,C09.11_ORDEN_PRESTACION_SERVICIOS
0019_2026000105_3160,19-2026000105,3160_DIV_PLANTA_FISICA,C09_CONTRATOS,C09.12_ORDEN_TRABAJO
0234_2026010988_7837,234-2026010988,2240_SEDE_BARRANCABERMEJA,C09_CONTRATOS,C09.10_ORDEN_PAGO
0234_2026010978_2240,234-2026010978,2240_SEDE_BARRANCABERMEJA,C09_CONTRATOS,C09.10_ORDEN_PAGO
0018_2026002346_7966,18-2026002346,6140_ESC_MATEMATICAS,C09_CONTRATOS,C09.11_ORDEN_PRESTACION_SERVICIOS
0019_2026000100_1464,19-2026000100,3160_DIV_PLANTA_FISICA,C09_CONTRATOS,C09.12_ORDEN_TRABAJO
0018_2026002239_9339,18-2026002239,6150_ESC_QUIMICA,C09_CONTRATOS,C09.08_ORDEN_COMPRA
0020_2026000280_7018,20-2026000280,3170_DIV_PUBLICACIONES,C09_CONTRATOS,C09.08_ORDEN_COMPRA
Grupo_02_DC_076,,3112_DIV_CONTRATACION,C09_CONTRATOS,C09.14_CONVOCATORIA_PUBLICA
0018_2026002402_7871,18-2026002402,6150_ESC_QUIMICA,C09_CONTRATOS,C09.11_ORDEN_PRESTACION_SERVICIOS
0019_2026000091_3160,19-2026000091,3160_DIV_PLANTA_FISICA,C09_CONTRATOS,C09.12_ORDEN_TRABAJO
0270_2026000719_9701,270-2026000719,1112_UISALUD,C09_CONTRATOS,C09.23_CONTR_PREST_SERVI_RED_SALUD
0018_2026002358_7884,18-2026002358,4110_VICE_INVESTIGACION_EXTENSION,C09_CONTRATOS,C09.11_ORDEN_PRESTACION_SERVICIOS
0018_2026002352_7606,18-2026002352,6812_PROINAPSA,C09_CONTRATOS,C09.11_ORDEN_PRESTACION_SERVICIOS
0298_2025000031_3160,298-2025000031,3160_DIV_PLANTA_FISICA,C09_CONTRATOS,C09.33_ORDEN_SUMINISTROS
0018_2026002215_4512,18-2026002215,4110_VICE_INVESTIGACION_EXTENSION,C09_CONTRATOS,C09.11_ORDEN_PRESTACION_SERVICIOS
0018_2026002297_3140,18-2026002297,3140_DIV_FINANCIERA,C09_CONTRATOS,C09.11_ORDEN_PRESTACION_SERVICIOS
0019_2026000104_3160,19-2026000104,3160_DIV_PLANTA_FISICA,C09_CONTRATOS,C09.12_ORDEN_TRABAJO
0020_2026000299_3160,20-2026000299,3160_DIV_PLANTA_FISICA,C09_CONTRATOS,C09.08_ORDEN_COMPRA
0018_2026002301_3140,18-2026002301,3140_DIV_FINANCIERA,C09_CONTRATOS,C09.11_ORDEN_PRESTACION_SERVICIOS
0298_2026000258_9669,298-2026000258,3170_DIV_PUBLICACIONES,C09_CONTRATOS,C09.33_ORDEN_SUMINISTROS
0018_2026002406_8319,18-2026002406,2170_DIR_CULTURAL,C09_CONTRATOS,C09.11_ORDEN_PRESTACION_SERVICIOS
0018_2026002289_7048,18-2026002289,6520_ESC_DISENO_INDUSTRIAL,C09_CONTRATOS,C09.11_ORDEN_PRESTACION_SERVICIOS
2026010850_7930,,2250_SEDE_BARBOSA,C09_CONTRATOS,C09.10_ORDEN_PAGO
0019_2026000112_7047,19-2026000112,1110_SEDE_GUATIGUARA,C09_CONTRATOS,C09.12_ORDEN_TRABAJO
0020_2026000306_7077,20-2026000306,4110_CICTA,C09_CONTRATOS,C09.08_ORDEN_COMPRA
0018_2026002349_7854,18-2026002349,6410_DEC_FAC_ING_FISICO_QUIMICAS,C09_CONTRATOS,C09.11_ORDEN_PRESTACION_SERVICIOS
0018_2026002225_3140,18-2026002225,3140_DIV_FINANCIERA,C09_CONTRATOS,C09.11_ORDEN_PRESTACION_SERVICIOS
0018_2026002396_1454,18-2026002396,2110_VICE_ACADEMICA,C09_CONTRATOS,C09.11_ORDEN_PRESTACION_SERVICIOS
0018_2026002362_9318,18-2026002362,6540_ESC_ING_CIVIL,C09_CONTRATOS,C09.11_ORDEN_PRESTACION_SERVICIOS
0018_2026002344_3140,18-2026002344,3140_DIV_FINANCIERA,C09_CONTRATOS,C09.11_ORDEN_PRESTACION_SERVICIOS
0018_2026002405_7854,18-2026002405,6410_DEC_FAC_ING_FISICO_QUIMICAS,C09_CONTRATOS,C09.11_ORDEN_PRESTACION_SERVICIOS
0019_2026000108_7047,19-2026000108,1110_SEDE_GUATIGUARA,C09_CONTRATOS,C09.12_ORDEN_TRABAJO
2026011201_7930,,2250_SEDE_BARBOSA,C09_CONTRATOS,C09.10_ORDEN_PAGO
2025000277_9701,,1112_UISALUD,C09_CONTRATOS,C09.23_CONTR_PREST_SERVI_RED_SALUD
2025000272_9701,,1112_UISALUD,C09_CONTRATOS,C09.23_CONTR_PREST_SERVI_RED_SALUD
2025000261_9701,,1112_UISALUD,C09_CONTRATOS,C09.23_CONTR_PREST_SERVI_RED_SALUD
2025000248_9701,,1112_UISALUD,C09_CONTRATOS,C09.23_CONTR_PREST_SERVI_RED_SALUD
2025000242_9701,,1112_UISALUD,C09_CONTRATOS,C09.23_CONTR_PREST_SERVI_RED_SALUD
2025000246_9701,,1112_UISALUD,C09_CONTRATOS,C09.23_CONTR_PREST_SERVI_RED_SALUD
2026011381_2250,,2250_SEDE_BARBOSA,C09_CONTRATOS,C09.10_ORDEN_PAGO
0018_2026002348_3140,18-2026002348,3140_DIV_FINANCIERA,C09_CONTRATOS,C09.11_ORDEN_PRESTACION_SERVICIOS
2025000243_9701,,1112_UISALUD,C09_CONTRATOS,C09.23_CONTR_PREST_SERVI_RED_SALUD
2025000282_9701,,1112_UISALUD,C09_CONTRATOS,C09.23_CONTR_PREST_SERVI_RED_SALUD
2025000291_9701,,1112_UISALUD,C09_CONTRATOS,C09.23_CONTR_PREST_SERVI_RED_SALUD
2025000245_9701,,1112_UISALUD,C09_CONTRATOS,C09.23_CONTR_PREST_SERVI_RED_SALUD
2025000269_9701,,1112_UISALUD,C09_CONTRATOS,C09.23_CONTR_PREST_SERVI_RED_SALUD
0018_2026002380_4516,18-2026002380,2140_BIBLIOTECA,C09_CONTRATOS,C09.11_ORDEN_PRESTACION_SERVICIOS
0020_2026000279_7063,20-2026000279,3150_DMT,C09_CONTRATOS,C09.08_ORDEN_COMPRA
0234_2026011395_2240,234-2026011395,2240_SEDE_BARRANCABERMEJA,C09_CONTRATOS,C09.10_ORDEN_PAGO
0234_2026011646_7837,234-2026011646,2240_SEDE_BARRANCABERMEJA,C09_CONTRATOS,C09.10_ORDEN_PAGO
2025000369_9701,,1112_UISALUD,C09_CONTRATOS,C09.23_CONTR_PREST_SERVI_RED_SALUD
2025000368_9701,,1112_UISALUD,C09_CONTRATOS,C09.23_CONTR_PREST_SERVI_RED_SALUD
2025000377_9701,,1112_UISALUD,C09_CONTRATOS,C09.23_CONTR_PREST_SERVI_RED_SALUD
2025000414_9701,,1112_UISALUD,C09_CONTRATOS,C09.23_CONTR_PREST_SERVI_RED_SALUD
2025000412_9701,,1112_UISALUD,C09_CONTRATOS,C09.23_CONTR_PREST_SERVI_RED_SALUD
2025000424_9701,,1112_UISALUD,C09_CONTRATOS,C09.23_CONTR_PREST_SERVI_RED_SALUD
2025000423_9701,,1112_UISALUD,C09_CONTRATOS,C09.23_CONTR_PREST_SERVI_RED_SALUD
2025000459_9701,,1112_UISALUD,C09_CONTRATOS,C09.23_CONTR_PREST_SERVI_RED_SALUD
2025000461_9702,,1112_UISALUD,C09_CONTRATOS,C09.23_CONTR_PREST_SERVI_RED_SALUD
2025000460_9701,,1112_UISALUD,C09_CONTRATOS,C09.23_CONTR_PREST_SERVI_RED_SALUD
2025000042_9702,,1112_UISALUD,C09_CONTRATOS,C09.23_CONTR_PREST_SERVI_RED_SALUD
2025000516_9701,,1112_UISALUD,C09_CONTRATOS,C09.23_CONTR_PREST_SERVI_RED_SALUD
2025000512_9701,,1112_UISALUD,C09_CONTRATOS,C09.23_CONTR_PREST_SERVI_RED_SALUD
2025000527_9701,,1112_UISALUD,C09_CONTRATOS,C09.23_CONTR_PREST_SERVI_RED_SALUD
2025000544_9701,,1112_UISALUD,C09_CONTRATOS,C09.23_CONTR_PREST_SERVI_RED_SALUD
2025000546_9701_9703,,1112_UISALUD,C09_CONTRATOS,C09.23_CONTR_PREST_SERVI_RED_SALUD
2025000542_9701,,1112_UISALUD,C09_CONTRATOS,C09.23_CONTR_PREST_SERVI_RED_SALUD
2025003297_9701,,1112_UISALUD,C09_CONTRATOS,C09.11_ORDEN_PRESTACION_SERVICIOS
2025003242_9702,,1112_UISALUD,C09_CONTRATOS,C09.11_ORDEN_PRESTACION_SERVICIOS
0018_2026002410_9256,18-2026002410,6820_ESC_MICROBIOLOGIA,C09_CONTRATOS,C09.11_ORDEN_PRESTACION_SERVICIOS
0018_2026002430_7810,18-2026002430,6830_ESC_ENFERMERIA,C09_CONTRATOS,C09.11_ORDEN_PRESTACION_SERVICIOS
0018_2026002409_7810,18-2026002409,6830_ESC_ENFERMERIA,C09_CONTRATOS,C09.11_ORDEN_PRESTACION_SERVICIOS
0298_2026000257_3160_EV048,298-2026000257,3160_DIV_PLANTA_FISICA,C09_CONTRATOS,C09.27_CONV_PUBLICA_ABREV
0020_2026000328_2240,20-2026000328,2240_SEDE_BARRANCABERMEJA,C09_CONTRATOS,C09.08_ORDEN_COMPRA
0018_2026002456_7810,18-2026002456,6830_ESC_ENFERMERIA,C09_CONTRATOS,C09.11_ORDEN_PRESTACION_SERVICIOS
0018_2026002469,18-2026002469,6530_ESC_ESTUDIOS_INDUST_EMPRESARIALES,C09_CONTRATOS,C09.11_ORDEN_PRESTACION_SERVICIOS
0298_2025000396_3160_EV005,298-2025000396,3160_DIV_PLANTA_FISICA,C09_CONTRATOS,C09.27_CONV_PUBLICA_ABREV
0018_2026002379_7912,18-2026002379,6540_ESC_ING_CIVIL,C09_CONTRATOS,C09.11_ORDEN_PRESTACION_SERVICIOS
0234_2026001065_7046,234-2026001065,1188_IPRED,C09_CONTRATOS,C09.10_ORDEN_PAGO
0234_2026001064_7046,234-2026001064,1188_IPRED,C09_CONTRATOS,C09.10_ORDEN_PAGO
0020_2026000332_9272,20-2026000332,4110_VICE_INVESTIGACION_EXTENSION,C09_CONTRATOS,C09.08_ORDEN_COMPRA
0234_2026011044_7046,234-2026011044,1188_IPRED,C09_CONTRATOS,C09.10_ORDEN_PAGO
0234_2026011050_7046,234-2026011050,1188_IPRED,C09_CONTRATOS,C09.10_ORDEN_PAGO
0234_2026011282_7046,234-2026011282,1188_IPRED,C09_CONTRATOS,C09.10_ORDEN_PAGO
0234_2026011471_2240,234-2026011471,2240_SEDE_BARRANCABERMEJA,C09_CONTRATOS,C09.10_ORDEN_PAGO
0234_2026011429_2240,234-2026011429,2240_SEDE_BARRANCABERMEJA,C09_CONTRATOS,C09.10_ORDEN_PAGO
0234_2026008572_7046,234-2026008572,1188_IPRED,C09_CONTRATOS,C09.10_ORDEN_PAGO
0234_2026010679_7046,234-2026010679,1188_IPRED,C09_CONTRATOS,C09.10_ORDEN_PAGO
0234_2026010730_7046,234-2026010730,1188_IPRED,C09_CONTRATOS,C09.10_ORDEN_PAGO
0234_2026010731_7046,234-2026010731,1188_IPRED,C09_CONTRATOS,C09.10_ORDEN_PAGO
0234_2026010768_7046,234-2026010768,1188_IPRED,C09_CONTRATOS,C09.10_ORDEN_PAGO
0234_2026010675_7046,234-2026010675,1188_IPRED,C09_CONTRATOS,C09.10_ORDEN_PAGO
0234_2026010900_7046,234-2026010900,1188_IPRED,C09_CONTRATOS,C09.10_ORDEN_PAGO
0234_2026010810_7046,234-2026010810,1188_IPRED,C09_CONTRATOS,C09.10_ORDEN_PAGO
0234_2026010075_7046,234-2026010075,1188_IPRED,C09_CONTRATOS,C09.10_ORDEN_PAGO
0234_2026010134_7046,234-2026010134,1188_IPRED,C09_CONTRATOS,C09.10_ORDEN_PAGO
0234_2026010583_7046,234-2026010583,1188_IPRED,C09_CONTRATOS,C09.10_ORDEN_PAGO
0234_2026010674_7046,234-2026010674,1188_IPRED,C09_CONTRATOS,C09.10_ORDEN_PAGO
0234_2026010680_7046,234-2026010680,1188_IPRED,C09_CONTRATOS,C09.10_ORDEN_PAGO
0234_2026010683_7046,234-2026010683,1188_IPRED,C09_CONTRATOS,C09.10_ORDEN_PAGO
0234_2026009198_7046,234-2026009198,1188_IPRED,C09_CONTRATOS,C09.10_ORDEN_PAGO
0234_2026009801_7046,234-2026009801,1188_IPRED,C09_CONTRATOS,C09.10_ORDEN_PAGO
0234_2026009803_7046,234-2026009803,1188_IPRED,C09_CONTRATOS,C09.10_ORDEN_PAGO
0234_2026009823_7046,234-2026009823,1188_IPRED,C09_CONTRATOS,C09.10_ORDEN_PAGO
0234_2026008719_7046,234-2026008719,1188_IPRED,C09_CONTRATOS,C09.10_ORDEN_PAGO
0234_2026008902_7046,234-2026008902,1188_IPRED,C09_CONTRATOS,C09.10_ORDEN_PAGO
0234_2026009189_7046,234-2026009189,1188_IPRED,C09_CONTRATOS,C09.10_ORDEN_PAGO
0234_2026009192_7046,234-2026009192,1188_IPRED,C09_CONTRATOS,C09.10_ORDEN_PAGO
0234_2026010684_7046,234-2026010684,1188_IPRED,C09_CONTRATOS,C09.10_ORDEN_PAGO
0234_2026010716_7046,234-2026010716,1188_IPRED,C09_CONTRATOS,C09.10_ORDEN_PAGO
0234_2026010729_7046,234-2026010729,1188_IPRED,C09_CONTRATOS,C09.10_ORDEN_PAGO
0234_2026010677_7046,234-2026010677,1188_IPRED,C09_CONTRATOS,C09.10_ORDEN_PAGO
0234_2026010918_7046,234-2026010918,1188_IPRED,C09_CONTRATOS,C09.10_ORDEN_PAGO
0020_2026000304_7063,20-2026000304,3150_DMT,C09_CONTRATOS,C09.08_ORDEN_COMPRA
0020_2026000290_7063,20-2026000290,3150_DMT,C09_CONTRATOS,C09.08_ORDEN_COMPRA
2025000531_9701,,1112_UISALUD,C09_CONTRATOS,C09.23_CONTR_PREST_SERVI_RED_SALUD
2025000532_9701,,1112_UISALUD,C09_CONTRATOS,C09.23_CONTR_PREST_SERVI_RED_SALUD
2025000213_9701,,1112_UISALUD,C09_CONTRATOS,C09.23_CONTR_PREST_SERVI_RED_SALUD
2025000154_9707,,1112_UISALUD,C09_CONTRATOS,C09.23_CONTR_PREST_SERVI_RED_SALUD
0298_2026000259_3160,298-2026000259,3160_DIV_PLANTA_FISICA,C09_CONTRATOS,C09.33_ORDEN_SUMINISTROS
2025002269_9701,,1112_UISALUD,C09_CONTRATOS,C09.11_ORDEN_PRESTACION_SERVICIOS
2025004240_9701,,1112_UISALUD,C09_CONTRATOS,C09.11_ORDEN_PRESTACION_SERVICIOS
2025000568_9701,,1112_UISALUD,C09_CONTRATOS,C09.23_CONTR_PREST_SERVI_RED_SALUD
2025000571_9701,,1112_UISALUD,C09_CONTRATOS,C09.23_CONTR_PREST_SERVI_RED_SALUD
2025000573_9701,,1112_UISALUD,C09_CONTRATOS,C09.23_CONTR_PREST_SERVI_RED_SALUD
2025000562_9701,,1112_UISALUD,C09_CONTRATOS,C09.23_CONTR_PREST_SERVI_RED_SALUD
2025000557_9701,,1112_UISALUD,C09_CONTRATOS,C09.23_CONTR_PREST_SERVI_RED_SALUD
2025000560_9701,,1112_UISALUD,C09_CONTRATOS,C09.23_CONTR_PREST_SERVI_RED_SALUD
2025000528_9702,,1112_UISALUD,C09_CONTRATOS,C09.23_CONTR_PREST_SERVI_RED_SALUD
2025000537_9701,,1112_UISALUD,C09_CONTRATOS,C09.23_CONTR_PREST_SERVI_RED_SALUD
2025000569_9701,,1112_UISALUD,C09_CONTRATOS,C09.23_CONTR_PREST_SERVI_RED_SALUD
2025000009_9701,,1112_UISALUD,C09_CONTRATOS,C09.11_ORDEN_PRESTACION_SERVICIOS
2025001471_9701,,1112_UISALUD,C09_CONTRATOS,C09.11_ORDEN_PRESTACION_SERVICIOS
2025000539_9701,,1112_UISALUD,C09_CONTRATOS,C09.23_CONTR_PREST_SERVI_RED_SALUD
2025000541_9701_9703,,1112_UISALUD,C09_CONTRATOS,C09.23_CONTR_PREST_SERVI_RED_SALUD
2025000540_9701_9703,,1112_UISALUD,C09_CONTRATOS,C09.23_CONTR_PREST_SERVI_RED_SALUD
2025000547_9701,,1112_UISALUD,C09_CONTRATOS,C09.23_CONTR_PREST_SERVI_RED_SALUD
2025000555_9701,,1112_UISALUD,C09_CONTRATOS,C09.23_CONTR_PREST_SERVI_RED_SALUD
2025000538_9701_9703,,1112_UISALUD,C09_CONTRATOS,C09.23_CONTR_PREST_SERVI_RED_SALUD
2025000552_9702,,1112_UISALUD,C09_CONTRATOS,C09.23_CONTR_PREST_SERVI_RED_SALUD
2025000549_9701,,1112_UISALUD,C09_CONTRATOS,C09.23_CONTR_PREST_SERVI_RED_SALUD
0019_2026000109_3160,19-2026000109,3160_DIV_PLANTA_FISICA,C09_CONTRATOS,C09.12_ORDEN_TRABAJO
2026011468_2250,,2250_SEDE_BARBOSA,C09_CONTRATOS,C09.10_ORDEN_PAGO
0270_2026000732_3160_EV017,270-2026000732,3160_DIV_PLANTA_FISICA,C09_CONTRATOS,C09.27_CONV_PUBLICA_ABREV
0019_2026000095_7085,19-2026000095,3160_DIV_PLANTA_FISICA,C09_CONTRATOS,C09.12_ORDEN_TRABAJO
0020_2026000329_7018,20-2026000329,3170_DIV_PUBLICACIONES,C09_CONTRATOS,C09.08_ORDEN_COMPRA
0019_2026000087_3160,19-2026000087,3160_DIV_PLANTA_FISICA,C09_CONTRATOS,C09.12_ORDEN_TRABAJO
2025000049_9701,,1112_UISALUD,C09_CONTRATOS,C09.23_CONTR_PREST_SERVI_RED_SALUD
0019_2026000097_1464,19-2026000097,3160_DIV_PLANTA_FISICA,C09_CONTRATOS,C09.12_ORDEN_TRABAJO
0018_2026002475_7016,18-2026002475,6440_ESC_ING_PETROLEOS,C09_CONTRATOS,C09.11_ORDEN_PRESTACION_SERVICIOS
0020_2026000320_3140,20-2026000320,3140_DIV_FINANCIERA,C09_CONTRATOS,C09.08_ORDEN_COMPRA
0234_2026011452_2240,234-2026011452,2240_SEDE_BARRANCABERMEJA,C09_CONTRATOS,C09.10_ORDEN_PAGO
0020_2026000315_7854,20-2026000315,6410_DEC_FAC_ING_FISICO_QUIMICAS,C09_CONTRATOS,C09.08_ORDEN_COMPRA
0020_2026000289_7062,20-2026000289,3140_DIV_FINANCIERA,C09_CONTRATOS,C09.08_ORDEN_COMPRA
0019_2026000093_3160,19-2026000093,3160_DIV_PLANTA_FISICA,C09_CONTRATOS,C09.12_ORDEN_TRABAJO
0020_2026000335_7017,20-2026000335,6560_ESC_ING_MECANICA,C09_CONTRATOS,C09.08_ORDEN_COMPRA
0298_2025000406_3160,298-2025000406,3160_DIV_PLANTA_FISICA,C09_CONTRATOS,C09.33_ORDEN_SUMINISTROS
0018_2026002479_7810,18-2026002479,6830_ESC_ENFERMERIA,C09_CONTRATOS,C09.11_ORDEN_PRESTACION_SERVICIOS
2025000366_9703,,1112_UISALUD,C09_CONTRATOS,C09.23_CONTR_PREST_SERVI_RED_SALUD
2026011211_2250,,2250_SEDE_BARBOSA,C09_CONTRATOS,C09.10_ORDEN_PAGO
2025000372_9701,,1112_UISALUD,C09_CONTRATOS,C09.23_CONTR_PREST_SERVI_RED_SALUD
2025000387_9701,,1112_UISALUD,C09_CONTRATOS,C09.23_CONTR_PREST_SERVI_RED_SALUD
2025000379_9701,,1112_UISALUD,C09_CONTRATOS,C09.23_CONTR_PREST_SERVI_RED_SALUD
2025000385_9701,,1112_UISALUD,C09_CONTRATOS,C09.23_CONTR_PREST_SERVI_RED_SALUD
2025000383_9701,,1112_UISALUD,C09_CONTRATOS,C09.23_CONTR_PREST_SERVI_RED_SALUD
2025000381_9701,,1112_UISALUD,C09_CONTRATOS,C09.23_CONTR_PREST_SERVI_RED_SALUD
2025000382_9701,,1112_UISALUD,C09_CONTRATOS,C09.23_CONTR_PREST_SERVI_RED_SALUD
2025000390_9701,,1112_UISALUD,C09_CONTRATOS,C09.23_CONTR_PREST_SERVI_RED_SALUD
2025000392_9701,,1112_UISALUD,C09_CONTRATOS,C09.23_CONTR_PREST_SERVI_RED_SALUD
2025000388_9701,,1112_UISALUD,C09_CONTRATOS,C09.23_CONTR_PREST_SERVI_RED_SALUD
2025000389_9701,,1112_UISALUD,C09_CONTRATOS,C09.23_CONTR_PREST_SERVI_RED_SALUD
2025000327_9701_9703,,1112_UISALUD,C09_CONTRATOS,C09.23_CONTR_PREST_SERVI_RED_SALUD
2025000332_9701,,1112_UISALUD,C09_CONTRATOS,C09.23_CONTR_PREST_SERVI_RED_SALUD
2025000370_9701,,1112_UISALUD,C09_CONTRATOS,C09.23_CONTR_PREST_SERVI_RED_SALUD
2025000374_9701,,1112_UISALUD,C09_CONTRATOS,C09.23_CONTR_PREST_SERVI_RED_SALUD
2025000376_9701,,1112_UISALUD,C09_CONTRATOS,C09.23_CONTR_PREST_SERVI_RED_SALUD
0018_2026002486_7003,18-2026002486,6250_ESC_EDUCACION,C09_CONTRATOS,C09.11_ORDEN_PRESTACION_SERVICIOS
2025000306_9701,,1112_UISALUD,C09_CONTRATOS,C09.23_CONTR_PREST_SERVI_RED_SALUD
2025000322_9701,,1112_UISALUD,C09_CONTRATOS,C09.23_CONTR_PREST_SERVI_RED_SALUD
2025000347_9701,,1112_UISALUD,C09_CONTRATOS,C09.23_CONTR_PREST_SERVI_RED_SALUD
2025000299_9701,,1112_UISALUD,C09_CONTRATOS,C09.23_CONTR_PREST_SERVI_RED_SALUD
2025000297_9701,,1112_UISALUD,C09_CONTRATOS,C09.23_CONTR_PREST_SERVI_RED_SALUD
2025000315_9701,,1112_UISALUD,C09_CONTRATOS,C09.23_CONTR_PREST_SERVI_RED_SALUD
2025000336_9701,,1112_UISALUD,C09_CONTRATOS,C09.23_CONTR_PREST_SERVI_RED_SALUD
2025000396_9701,,1112_UISALUD,C09_CONTRATOS,C09.23_CONTR_PREST_SERVI_RED_SALUD
2025000416_9701,,1112_UISALUD,C09_CONTRATOS,C09.23_CONTR_PREST_SERVI_RED_SALUD
2025000466_9701,,1112_UISALUD,C09_CONTRATOS,C09.23_CONTR_PREST_SERVI_RED_SALUD
2025000467_9701,,1112_UISALUD,C09_CONTRATOS,C09.23_CONTR_PREST_SERVI_RED_SALUD
2025000468_9701,,1112_UISALUD,C09_CONTRATOS,C09.23_CONTR_PREST_SERVI_RED_SALUD
2025000472_9701,,1112_UISALUD,C09_CONTRATOS,C09.23_CONTR_PREST_SERVI_RED_SALUD
2025000473_9701,,1112_UISALUD,C09_CONTRATOS,C09.23_CONTR_PREST_SERVI_RED_SALUD
2025000470_9702,,1112_UISALUD,C09_CONTRATOS,C09.23_CONTR_PREST_SERVI_RED_SALUD
2025000471_9701,,1112_UISALUD,C09_CONTRATOS,C09.23_CONTR_PREST_SERVI_RED_SALUD
2025000393_9701,,1112_UISALUD,C09_CONTRATOS,C09.23_CONTR_PREST_SERVI_RED_SALUD
2025000394_9701,,1112_UISALUD,C09_CONTRATOS,C09.23_CONTR_PREST_SERVI_RED_SALUD
2025000477_9701,,1112_UISALUD,C09_CONTRATOS,C09.23_CONTR_PREST_SERVI_RED_SALUD
2025000476_9701,,1112_UISALUD,C09_CONTRATOS,C09.23_CONTR_PREST_SERVI_RED_SALUD
2025000480_9702,,1112_UISALUD,C09_CONTRATOS,C09.23_CONTR_PREST_SERVI_RED_SALUD
2025000482_9702,,1112_UISALUD,C09_CONTRATOS,C09.23_CONTR_PREST_SERVI_RED_SALUD
2025000485_9701,,1112_UISALUD,C09_CONTRATOS,C09.23_CONTR_PREST_SERVI_RED_SALUD
2025000495_9701,,1112_UISALUD,C09_CONTRATOS,C09.23_CONTR_PREST_SERVI_RED_SALUD
2025000484_9701,,1112_UISALUD,C09_CONTRATOS,C09.23_CONTR_PREST_SERVI_RED_SALUD
2025000489_9701,,1112_UISALUD,C09_CONTRATOS,C09.23_CONTR_PREST_SERVI_RED_SALUD
2025000488_9702,,1112_UISALUD,C09_CONTRATOS,C09.23_CONTR_PREST_SERVI_RED_SALUD
2025000486_9701,,1112_UISALUD,C09_CONTRATOS,C09.23_CONTR_PREST_SERVI_RED_SALUD
2025000500_9701,,1112_UISALUD,C09_CONTRATOS,C09.23_CONTR_PREST_SERVI_RED_SALUD
2025000501_9701,,1112_UISALUD,C09_CONTRATOS,C09.23_CONTR_PREST_SERVI_RED_SALUD
2025000504_9701,,1112_UISALUD,C09_CONTRATOS,C09.23_CONTR_PREST_SERVI_RED_SALUD
2025000503_9702,,1112_UISALUD,C09_CONTRATOS,C09.23_CONTR_PREST_SERVI_RED_SALUD
2025000510_9702,,1112_UISALUD,C09_CONTRATOS,C09.23_CONTR_PREST_SERVI_RED_SALUD
2025000509_9701,,1112_UISALUD,C09_CONTRATOS,C09.23_CONTR_PREST_SERVI_RED_SALUD
2025000520_9701,,1112_UISALUD,C09_CONTRATOS,C09.23_CONTR_PREST_SERVI_RED_SALUD
2025000511_9701,,1112_UISALUD,C09_CONTRATOS,C09.23_CONTR_PREST_SERVI_RED_SALUD
2025000522_9701,,1112_UISALUD,C09_CONTRATOS,C09.23_CONTR_PREST_SERVI_RED_SALUD
2025000525_9701,,1112_UISALUD,C09_CONTRATOS,C09.23_CONTR_PREST_SERVI_RED_SALUD
0234_2026011412_7046,234-2026011412,1188_IPRED,C09_CONTRATOS,C09.10_ORDEN_PAGO
0234_2026011354_2240,234-2026011354,2240_SEDE_BARRANCABERMEJA,C09_CONTRATOS,C09.10_ORDEN_PAGO
0020_2026000301_7970,20-2026000301,6540_ESC_ING_CIVIL,C09_CONTRATOS,C09.08_ORDEN_COMPRA
2025000060_9702,,1112_UISALUD,C09_CONTRATOS,C09.23_CONTR_PREST_SERVI_RED_SALUD
0298_2026000254_1468_EV049,298-2026000254,3160_DIV_PLANTA_FISICA,C09_CONTRATOS,C09.27_CONV_PUBLICA_ABREV
0018_2026002474_7016,18-2026002474,6440_ESC_ING_PETROLEOS,C09_CONTRATOS,C09.11_ORDEN_PRESTACION_SERVICIOS
2025000566_9701,,1112_UISALUD,C09_CONTRATOS,C09.23_CONTR_PREST_SERVI_RED_SALUD
2025000565_9701,,1112_UISALUD,C09_CONTRATOS,C09.23_CONTR_PREST_SERVI_RED_SALUD
2025000567_9701,,1112_UISALUD,C09_CONTRATOS,C09.23_CONTR_PREST_SERVI_RED_SALUD
2025000122_9701,,1112_UISALUD,C09_CONTRATOS,C09.23_CONTR_PREST_SERVI_RED_SALUD
2025000043_9701,,1112_UISALUD,C09_CONTRATOS,C09.33_ORDEN_SUMINISTROS
2025001473_9701,,1112_UISALUD,C09_CONTRATOS,C09.11_ORDEN_PRESTACION_SERVICIOS
0234_2026011443_2240,234-2026011443,2240_SEDE_BARRANCABERMEJA,C09_CONTRATOS,C09.10_ORDEN_PAGO
0018_2026002473_7442,18-2026002473,6440_ESC_ING_PETROLEOS,C09_CONTRATOS,C09.11_ORDEN_PRESTACION_SERVICIOS
0020_2026000356_9350,20-2026000356,4110_GIT,C09_CONTRATOS,C09.08_ORDEN_COMPRA
0020_2026000351_9799,20-2026000351,4110_GIT,C09_CONTRATOS,C09.08_ORDEN_COMPRA
0019_2026000107_3160,19-2026000107,3160_DIV_PLANTA_FISICA,C09_CONTRATOS,C09.12_ORDEN_TRABAJO
0018_2026001169_7003,18-2026001169,6250_ESC_EDUCACION,C09_CONTRATOS,C09.11_ORDEN_PRESTACION_SERVICIOS
0270_2026000733_9701,270-2026000733,1112_UISALUD,C09_CONTRATOS,C09.23_CONTR_PREST_SERVI_RED_SALUD
0020_2026000272_3112,20-2026000272,3112_DIV_CONTRATACION,C09_CONTRATOS,C09.08_ORDEN_COMPRA
0270_2026000736_3160_EV035,270-2026000736,3160_DIV_PLANTA_FISICA,C09_CONTRATOS,C09.27_CONV_PUBLICA_ABREV
0374_2026000030_4516,374-2026000030,3112_DIV_CONTRATACION,C09_CONTRATOS,C09.29_ORDEN_PREST_SERVI_IMPOR
0374_2026000031_4516,374-2026000031,3112_DIV_CONTRATACION,C09_CONTRATOS,C09.29_ORDEN_PREST_SERVI_IMPOR
2025000159_9702,,1112_UISALUD,C09_CONTRATOS,C09.23_CONTR_PREST_SERVI_RED_SALUD
0018_2026002471_7849,18-2026002471,6560_ESC_ING_MECANICA,C09_CONTRATOS,C09.11_ORDEN_PRESTACION_SERVICIOS
0019_2026000094_1464,19-2026000094,3160_DIV_PLANTA_FISICA,C09_CONTRATOS,C09.12_ORDEN_TRABAJO
0374_2026000028_7016,374-2026000028,3112_DIV_CONTRATACION,C09_CONTRATOS,C09.29_ORDEN_PREST_SERVI_IMPOR
2025000178_9701,,1112_UISALUD,C09_CONTRATOS,C09.23_CONTR_PREST_SERVI_RED_SALUD
18_2026002459_7068,,6530_ESC_ESTUDIOS_INDUST_EMPRESARIALES,C09_CONTRATOS,C09.11_ORDEN_PRESTACION_SERVICIOS
18_2026002463_7068,,6530_ESC_ESTUDIOS_INDUST_EMPRESARIALES,C09_CONTRATOS,C09.11_ORDEN_PRESTACION_SERVICIOS
0234_2026011519_2240,234-2026011519,2240_SEDE_BARRANCABERMEJA,C09_CONTRATOS,C09.10_ORDEN_PAGO
0020_2026000314_9198,20-2026000314,4110_VICE_INVESTIGACION_EXTENSION,C09_CONTRATOS,C09.08_ORDEN_COMPRA
0020_2026000284_1468,20-2026000284,3160_DIV_PLANTA_FISICA,C09_CONTRATOS,C09.08_ORDEN_COMPRA
0018_2026002427_7983,18-2026002427,6150_ESC_QUIMICA,C09_CONTRATOS,C09.11_ORDEN_PRESTACION_SERVICIOS
0018_2026000111_7983,18-2026000111,6150_ESC_QUIMICA,C09_CONTRATOS,C09.11_ORDEN_PRESTACION_SERVICIOS
0018_2026002464_7064,18-2026002464,6810_DEC_FAC_SALUD,C09_CONTRATOS,C09.11_ORDEN_PRESTACION_SERVICIOS
2026011202_7930,,2250_SEDE_BARBOSA,C09_CONTRATOS,C09.10_ORDEN_PAGO
0018_2026002493_7025,18-2026002493,6150_ESC_QUIMICA,C09_CONTRATOS,C09.11_ORDEN_PRESTACION_SERVICIOS
0020_2026000368_6290,20-2026000368,6290_DPTO_EDUCACION_FISICA_DEPORTES,C09_CONTRATOS,C09.08_ORDEN_COMPRA
0018_2026002403_9285,18-2026002403,6280_ESC_TRABAJO_SOCIAL,C09_CONTRATOS,C09.11_ORDEN_PRESTACION_SERVICIOS
0374_2026000032_7061,374-2026000032,3112_DIV_CONTRATACION,C09_CONTRATOS,C09.29_ORDEN_PREST_SERVI_IMPOR
0019_2026000114_7898,19-2026000114,3160_DIV_PLANTA_FISICA,C09_CONTRATOS,C09.12_ORDEN_TRABAJO
0018_2026002392_4518,18-2026002392,4110_VICE_INVESTIGACION_EXTENSION,C09_CONTRATOS,C09.11_ORDEN_PRESTACION_SERVICIOS
0018_2026002455_7865,18-2026002455,6868_DPTO_SALUD_PUBLICA,C09_CONTRATOS,C09.11_ORDEN_PRESTACION_SERVICIOS
0018_2026002489_7916,18-2026002489,6530_ESC_ESTUDIOS_INDUST_EMPRESARIALES,C09_CONTRATOS,C09.11_ORDEN_PRESTACION_SERVICIOS
2026011696_2250,,2250_SEDE_BARBOSA,C09_CONTRATOS,C09.10_ORDEN_PAGO
2026011698_2250,,2250_SEDE_BARBOSA,C09_CONTRATOS,C09.10_ORDEN_PAGO
0018_2026002496_7810,18-2026002496,6830_ESC_ENFERMERIA,C09_CONTRATOS,C09.11_ORDEN_PRESTACION_SERVICIOS
0270_2026000265_3190,270-2026000265,3190_DTIC,C09_CONTRATOS,C09.08_ORDEN_COMPRA
0020_2026000307_7970,20-2026000307,6540_ESC_ING_CIVIL,C09_CONTRATOS,C09.08_ORDEN_COMPRA
0020_2026000327_7930,20-2026000327,2250_SEDE_BARBOSA,C09_CONTRATOS,C09.08_ORDEN_COMPRA
0018_2026002335_7009,18-2026002335,6820_ESC_MICROBIOLOGIA,C09_CONTRATOS,C09.11_ORDEN_PRESTACION_SERVICIOS
0020_2026000318_7017,20-2026000318,6560_ESC_ING_MECANICA,C09_CONTRATOS,C09.08_ORDEN_COMPRA
0018_2026002467 _7916,18-2026002467,6530_ESC_ESTUDIOS_INDUST_EMPRESARIALES,C09_CONTRATOS,C09.11_ORDEN_PRESTACION_SERVICIOS
0018_2026002407_9285,18-2026002407,6280_ESC_TRABAJO_SOCIAL,C09_CONTRATOS,C09.11_ORDEN_PRESTACION_SERVICIOS
0020_2026000331_7886,20-2026000331,4110_VICE_INVESTIGACION_EXTENSION,C09_CONTRATOS,C09.08_ORDEN_COMPRA
0018_2026002485_9174,18-2026002485,6450_ESC_ING_QUIMICA,C09_CONTRATOS,C09.11_ORDEN_PRESTACION_SERVICIOS
0018_2026002408_7021,18-2026002408,6450_ESC_ING_QUIMICA,C09_CONTRATOS,C09.11_ORDEN_PRESTACION_SERVICIOS
0298_2026000261_3160,298-2026000261,3160_DIV_PLANTA_FISICA,C09_CONTRATOS,C09.33_ORDEN_SUMINISTROS
0020_2026000342_7810,20-2026000342,6830_ESC_ENFERMERIA,C09_CONTRATOS,C09.08_ORDEN_COMPRA
20_2026000359,,6860_ESC_MEDICINA,C09_CONTRATOS,C09.08_ORDEN_COMPRA
0018_2026002458_9285,18-2026002458,6280_ESC_TRABAJO_SOCIAL,C09_CONTRATOS,C09.11_ORDEN_PRESTACION_SERVICIOS
0018_2026002468_9285,18-2026002468,6280_ESC_TRABAJO_SOCIAL,C09_CONTRATOS,C09.11_ORDEN_PRESTACION_SERVICIOS
0018_2026002484_9285,18-2026002484,6280_ESC_TRABAJO_SOCIAL,C09_CONTRATOS,C09.11_ORDEN_PRESTACION_SERVICIOS
0018_20260810_6863,18-20260810,6863_DPTO_GINECOBSTETRICIA,C09_CONTRATOS,C09.11_ORDEN_PRESTACION_SERVICIOS
0018_2026002477_9285,18-2026002477,6280_ESC_TRABAJO_SOCIAL,C09_CONTRATOS,C09.11_ORDEN_PRESTACION_SERVICIOS
0018_2026002483_9285,18-2026002483,6280_ESC_TRABAJO_SOCIAL,C09_CONTRATOS,C09.11_ORDEN_PRESTACION_SERVICIOS
0018_2026002448,18-2026002448,3180_DIV_GESTION_TALENTO_HUMANO,C09_CONTRATOS,C09.11_ORDEN_PRESTACION_SERVICIOS
2026011846_2250,,2250_SEDE_BARBOSA,C09_CONTRATOS,C09.10_ORDEN_PAGO
2026011679_2250,,2250_SEDE_BARBOSA,C09_CONTRATOS,C09.10_ORDEN_PAGO
0270_2026000746_4516,270-2026000746,2140_BIBLIOTECA,C09_CONTRATOS,C09.11_ORDEN_PRESTACION_SERVICIOS
2025000481_9702,,1112_UISALUD,C09_CONTRATOS,C09.23_CONTR_PREST_SERVI_RED_SALUD
2025000303_9701,,1112_UISALUD,C09_CONTRATOS,C09.23_CONTR_PREST_SERVI_RED_SALUD
2026011845_2250,,2250_SEDE_BARBOSA,C09_CONTRATOS,C09.10_ORDEN_PAGO
0018_2026002426_9127,18-2026002426,6230_ESC_DERECHO_CIENCIA_POLITICA,C09_CONTRATOS,C09.11_ORDEN_PRESTACION_SERVICIOS
0018_2026002398_9198,18-2026002398,4110_VICE_INVESTIGACION_EXTENSION,C09_CONTRATOS,C09.11_ORDEN_PRESTACION_SERVICIOS
0018_2026002343_1130,18-2026002343,1130_PLANEACION,C09_CONTRATOS,C09.11_ORDEN_PRESTACION_SERVICIOS
2025000479_9702,,1112_UISALUD,C09_CONTRATOS,C09.23_CONTR_PREST_SERVI_RED_SALUD
2025000474_9701,,1112_UISALUD,C09_CONTRATOS,C09.23_CONTR_PREST_SERVI_RED_SALUD
0018_2026002421_3140,18-2026002421,3140_DIV_FINANCIERA,C09_CONTRATOS,C09.11_ORDEN_PRESTACION_SERVICIOS
0298_2026000267_3160,298-2026000267,3160_DIV_PLANTA_FISICA,C09_CONTRATOS,C09.33_ORDEN_SUMINISTROS
0234_2026011837_7837,234-2026011837,2240_SEDE_BARRANCABERMEJA,C09_CONTRATOS,C09.10_ORDEN_PAGO
0018_2026002512_9285,18-2026002512,6280_ESC_TRABAJO_SOCIAL,C09_CONTRATOS,C09.11_ORDEN_PRESTACION_SERVICIOS
2025000188_9701,,1112_UISALUD,C09_CONTRATOS,C09.23_CONTR_PREST_SERVI_RED_SALUD
0018_2026002492_9127,18-2026002492,6230_ESC_DERECHO_CIENCIA_POLITICA,C09_CONTRATOS,C09.11_ORDEN_PRESTACION_SERVICIOS
2026011844_2250,,2250_SEDE_BARBOSA,C09_CONTRATOS,C09.10_ORDEN_PAGO
0270_2026000744_9701,270-2026000744,1112_UISALUD,C09_CONTRATOS,C09.23_CONTR_PREST_SERVI_RED_SALUD
0020_2026000325_7753,20-2026000325,6120_ESC_BIOLOGIA,C09_CONTRATOS,C09.08_ORDEN_COMPRA
2026011856_2250,,2250_SEDE_BARBOSA,C09_CONTRATOS,C09.10_ORDEN_PAGO
0018_2026002491_9109,18-2026002491,6220_ESC_ARTES,C09_CONTRATOS,C09.11_ORDEN_PRESTACION_SERVICIOS
0018_2026002295_3140,18-2026002295,3140_DIV_FINANCIERA,C09_CONTRATOS,C09.11_ORDEN_PRESTACION_SERVICIOS
0018_2026002502_2110,18-2026002502,2110_VICE_ACADEMICA,C09_CONTRATOS,C09.11_ORDEN_PRESTACION_SERVICIOS
0018_2026002480_3140,18-2026002480,3140_DIV_FINANCIERA,C09_CONTRATOS,C09.11_ORDEN_PRESTACION_SERVICIOS
0018_2026002500_7003,18-2026002500,6250_ESC_EDUCACION,C09_CONTRATOS,C09.11_ORDEN_PRESTACION_SERVICIOS
0020_2026000333_9669,20-2026000333,3170_DIV_PUBLICACIONES,C09_CONTRATOS,C09.08_ORDEN_COMPRA
0020_2026000334,20-2026000334,3180_DIV_GESTION_TALENTO_HUMANO,C09_CONTRATOS,C09.08_ORDEN_COMPRA
0020_2026000321_7841,20-2026000321,6861_DPTO_CIENCIAS_BASICAS,C09_CONTRATOS,C09.08_ORDEN_COMPRA
0020_2026000232_7841,20-2026000232,6861_DPTO_CIENCIAS_BASICAS,C09_CONTRATOS,C09.08_ORDEN_COMPRA
0018_2026002495_7849,18-2026002495,6560_ESC_ING_MECANICA,C09_CONTRATOS,C09.11_ORDEN_PRESTACION_SERVICIOS
0019_2026000106_3160,19-2026000106,3160_DIV_PLANTA_FISICA,C09_CONTRATOS,C09.12_ORDEN_TRABAJO
450_2026000088,,3170_DIV_PUBLICACIONES,C09_CONTRATOS,C09.17_ORDEN_CONSULTORIA
0018_2026002478_9260,18-2026002478,6150_ESC_QUIMICA,C09_CONTRATOS,C09.11_ORDEN_PRESTACION_SERVICIOS
2026011145_2250,,2250_SEDE_BARBOSA,C09_CONTRATOS,C09.10_ORDEN_PAGO
0020_2026000348_7063,20-2026000348,3150_DMT,C09_CONTRATOS,C09.08_ORDEN_COMPRA
2026011628_2250,,2250_SEDE_BARBOSA,C09_CONTRATOS,C09.10_ORDEN_PAGO
20_2026000341,,6860_ESC_MEDICINA,C09_CONTRATOS,C09.08_ORDEN_COMPRA
2026011677_2250,,2250_SEDE_BARBOSA,C09_CONTRATOS,C09.10_ORDEN_PAGO
0018_2026002457_3140,18-2026002457,3140_DIV_FINANCIERA,C09_CONTRATOS,C09.11_ORDEN_PRESTACION_SERVICIOS
2026011764_2250,,2250_SEDE_BARBOSA,C09_CONTRATOS,C09.10_ORDEN_PAGO
2026011763_2250,,2250_SEDE_BARBOSA,C09_CONTRATOS,C09.10_ORDEN_PAGO
2026011765_2250,,2250_SEDE_BARBOSA,C09_CONTRATOS,C09.10_ORDEN_PAGO
0019_2026000113_7854,19-2026000113,6410_DEC_FAC_ING_FISICO_QUIMICAS,C09_CONTRATOS,C09.12_ORDEN_TRABAJO
0234_2026011770_7837,234-2026011770,2240_SEDE_BARRANCABERMEJA,C09_CONTRATOS,C09.10_ORDEN_PAGO
0234_2026011469_2240,234-2026011469,2240_SEDE_BARRANCABERMEJA,C09_CONTRATOS,C09.10_ORDEN_PAGO
0234_2026011733_2240,234-2026011733,2240_SEDE_BARRANCABERMEJA,C09_CONTRATOS,C09.10_ORDEN_PAGO
0020_2026000350_7854,20-2026000350,6410_DEC_FAC_ING_FISICO_QUIMICAS,C09_CONTRATOS,C09.08_ORDEN_COMPRA
0020_2026000337_6861,20-2026000337,6861_DPTO_CIENCIAS_BASICAS,C09_CONTRATOS,C09.08_ORDEN_COMPRA
0018_2026002399_9198,18-2026002399,4110_VICE_INVESTIGACION_EXTENSION,C09_CONTRATOS,C09.11_ORDEN_PRESTACION_SERVICIOS
0020_2026000330_2220,20-2026000330,2220_SEDE_SOCORRO,C09_CONTRATOS,C09.08_ORDEN_COMPRA
0020_2026000355_7061,20-2026000355,6212_INSTITUTO_LENGUAS,C09_CONTRATOS,C09.08_ORDEN_COMPRA
0020_2026000312_2220,20-2026000312,2220_SEDE_SOCORRO,C09_CONTRATOS,C09.08_ORDEN_COMPRA
0020_2026000317_2220,20-2026000317,2220_SEDE_SOCORRO,C09_CONTRATOS,C09.08_ORDEN_COMPRA
0049_2026000022_9870,49-2026000022,3112_DIV_CONTRATACION,C09_CONTRATOS,C09.28_ORDEN_COMPRA_IMPORTACION
0020_2026000338_6861,20-2026000338,6861_DPTO_CIENCIAS_BASICAS,C09_CONTRATOS,C09.08_ORDEN_COMPRA
0020_2026000354_7083,20-2026000354,4110_VICE_INVESTIGACION_EXTENSION,C09_CONTRATOS,C09.08_ORDEN_COMPRA
0018_2026002465_7854,18-2026002465,6410_DEC_FAC_ING_FISICO_QUIMICAS,C09_CONTRATOS,C09.11_ORDEN_PRESTACION_SERVICIOS
0018_2026002437_9285,18-2026002437,6280_ESC_TRABAJO_SOCIAL,C09_CONTRATOS,C09.11_ORDEN_PRESTACION_SERVICIOS
0049_2026000023_8095,49-2026000023,3112_DIV_CONTRATACION,C09_CONTRATOS,C09.28_ORDEN_COMPRA_IMPORTACION
0234_2026011482_7966,234-2026011482,6140_ESC_MATEMATICAS,C09_CONTRATOS,C09.10_ORDEN_PAGO
0234_2026010066_7807,234-2026010066,6140_ESC_MATEMATICAS,C09_CONTRATOS,C09.10_ORDEN_PAGO
0234_2026010697_7807,234-2026010697,6140_ESC_MATEMATICAS,C09_CONTRATOS,C09.10_ORDEN_PAGO
0234_2026010170_7807,234-2026010170,6140_ESC_MATEMATICAS,C09_CONTRATOS,C09.10_ORDEN_PAGO
0234_2026010464_7807,234-2026010464,6140_ESC_MATEMATICAS,C09_CONTRATOS,C09.10_ORDEN_PAGO
2026011502_7930,,2250_SEDE_BARBOSA,C09_CONTRATOS,C09.10_ORDEN_PAGO
2025000235_9702,,1112_UISALUD,C09_CONTRATOS,C09.23_CONTR_PREST_SERVI_RED_SALUD
0018_2026002487_9109,18-2026002487,6220_ESC_ARTES,C09_CONTRATOS,C09.11_ORDEN_PRESTACION_SERVICIOS
0020_2026000362_7858,20-2026000362,3110_VICE_ADMINISTRATIVA,C09_CONTRATOS,C09.08_ORDEN_COMPRA
0018_2026002429_3140,18-2026002429,3140_DIV_FINANCIERA,C09_CONTRATOS,C09.11_ORDEN_PRESTACION_SERVICIOS
0298_2026000255_3160_EV046,298-2026000255,3160_DIV_PLANTA_FISICA,C09_CONTRATOS,C09.27_CONV_PUBLICA_ABREV
0002_2026002513_6869,2-2026002513,6867_DPTO_SALUD_MENTAL,C09_CONTRATOS,C09.11_ORDEN_PRESTACION_SERVICIOS
0003_2026002515_6869,3-2026002515,6867_DPTO_SALUD_MENTAL,C09_CONTRATOS,C09.11_ORDEN_PRESTACION_SERVICIOS
0001_2026002499_6869,1-2026002499,6867_DPTO_SALUD_MENTAL,C09_CONTRATOS,C09.11_ORDEN_PRESTACION_SERVICIOS
0298_2026000253_3160_EV045,298-2026000253,3160_DIV_PLANTA_FISICA,C09_CONTRATOS,C09.27_CONV_PUBLICA_ABREV
2025000119_9701,,1112_UISALUD,C09_CONTRATOS,C09.23_CONTR_PREST_SERVI_RED_SALUD
2025000294_9701,,1112_UISALUD,C09_CONTRATOS,C09.23_CONTR_PREST_SERVI_RED_SALUD
2025000232_9702,,1112_UISALUD,C09_CONTRATOS,C09.23_CONTR_PREST_SERVI_RED_SALUD
2025000249_9701,,1112_UISALUD,C09_CONTRATOS,C09.23_CONTR_PREST_SERVI_RED_SALUD
0018_2026002340_7085,18-2026002340,3160_DIV_PLANTA_FISICA,C09_CONTRATOS,C09.11_ORDEN_PRESTACION_SERVICIOS
0020_2026000343_7884,20-2026000343,4110_VICE_INVESTIGACION_EXTENSION,C09_CONTRATOS,C09.08_ORDEN_COMPRA
ELIMINAR_0020_2026000343_7884,,4110_VICE_INVESTIGACION_EXTENSION,C09_CONTRATOS,C09.08_ORDEN_COMPRA
2025000487_9701,,1112_UISALUD,C09_CONTRATOS,C09.23_CONTR_PREST_SERVI_RED_SALUD
2025000191_9701,,1112_UISALUD,C09_CONTRATOS,C09.23_CONTR_PREST_SERVI_RED_SALUD
2025000418_9701,,1112_UISALUD,C09_CONTRATOS,C09.23_CONTR_PREST_SERVI_RED_SALUD
2025000086_9708,,1112_UISALUD,C09_CONTRATOS,C09.23_CONTR_PREST_SERVI_RED_SALUD
0018_2026002498_4518,18-2026002498,4110_VICE_INVESTIGACION_EXTENSION,C09_CONTRATOS,C09.11_ORDEN_PRESTACION_SERVICIOS
2025000276_9701,,1112_UISALUD,C09_CONTRATOS,C09.23_CONTR_PREST_SERVI_RED_SALUD
0020_2026000302_7019,20-2026000302,6550_E3T,C09_CONTRATOS,C09.08_ORDEN_COMPRA
2025000430_9701,,1112_UISALUD,C09_CONTRATOS,C09.11_ORDEN_PRESTACION_SERVICIOS
2025000496_9702,,1112_UISALUD,C09_CONTRATOS,C09.23_CONTR_PREST_SERVI_RED_SALUD
2025000490_9702,,1112_UISALUD,C09_CONTRATOS,C09.23_CONTR_PREST_SERVI_RED_SALUD
2025000492_9702,,1112_UISALUD,C09_CONTRATOS,C09.23_CONTR_PREST_SERVI_RED_SALUD
2025000183_9707,,1112_UISALUD,C09_CONTRATOS,C09.23_CONTR_PREST_SERVI_RED_SALUD
2025000317_9707,,1112_UISALUD,C09_CONTRATOS,C09.23_CONTR_PREST_SERVI_RED_SALUD
0018_2026002519_7233,18-2026002519,6250_ESC_EDUCACION,C09_CONTRATOS,C09.11_ORDEN_PRESTACION_SERVICIOS
0019_2026000098_3160,19-2026000098,3160_DIV_PLANTA_FISICA,C09_CONTRATOS,C09.12_ORDEN_TRABAJO
2025000371_9701,,1112_UISALUD,C09_CONTRATOS,C09.23_CONTR_PREST_SERVI_RED_SALUD
2025000462_9702,,1112_UISALUD,C09_CONTRATOS,C09.23_CONTR_PREST_SERVI_RED_SALUD
2025000463_9702,,1112_UISALUD,C09_CONTRATOS,C09.23_CONTR_PREST_SERVI_RED_SALUD
2025000458_9701,,1112_UISALUD,C09_CONTRATOS,C09.23_CONTR_PREST_SERVI_RED_SALUD
2025000391_9701,,1112_UISALUD,C09_CONTRATOS,C09.23_CONTR_PREST_SERVI_RED_SALUD
2025000318_9701,,1112_UISALUD,C09_CONTRATOS,C09.23_CONTR_PREST_SERVI_RED_SALUD
0020_2026000319_7038,20-2026000319,6850_ESC_NUTRICION_DIETETICA,C09_CONTRATOS,C09.08_ORDEN_COMPRA
0004_2026002521_6869,4-2026002521,6867_DPTO_SALUD_MENTAL,C09_CONTRATOS,C09.11_ORDEN_PRESTACION_SERVICIOS
2025000514_9702,,1112_UISALUD,C09_CONTRATOS,C09.23_CONTR_PREST_SERVI_RED_SALUD
2025000505_9702,,1112_UISALUD,C09_CONTRATOS,C09.23_CONTR_PREST_SERVI_RED_SALUD
2025000502_9701,,1112_UISALUD,C09_CONTRATOS,C09.23_CONTR_PREST_SERVI_RED_SALUD
2025000316_9707,,1112_UISALUD,C09_CONTRATOS,C09.23_CONTR_PREST_SERVI_RED_SALUD
2025000066_9708,,1112_UISALUD,C09_CONTRATOS,C09.23_CONTR_PREST_SERVI_RED_SALUD
0020_2026000313_4522,20-2026000313,3110_VICE_ADMINISTRATIVA,C09_CONTRATOS,C09.08_ORDEN_COMPRA
2025000062_9702,,1112_UISALUD,C09_CONTRATOS,C09.23_CONTR_PREST_SERVI_RED_SALUD
0270_2026000738_6820,270-2026000738,6820_ESC_MICROBIOLOGIA,C09_CONTRATOS,C09._CONTRATO_GENERAL
0018_2026002191_4512,18-2026002191,4110_VICE_INVESTIGACION_EXTENSION,C09_CONTRATOS,C09.11_ORDEN_PRESTACION_SERVICIOS
2025000304_9701,,1112_UISALUD,C09_CONTRATOS,C09.23_CONTR_PREST_SERVI_RED_SALUD
2025000290_9701,,1112_UISALUD,C09_CONTRATOS,C09.23_CONTR_PREST_SERVI_RED_SALUD
0018_2026002337_4722,18-2026002337,4110_VICE_INVESTIGACION_EXTENSION,C09_CONTRATOS,C09.11_ORDEN_PRESTACION_SERVICIOS
2025000331_9701,,1112_UISALUD,C09_CONTRATOS,C09.23_CONTR_PREST_SERVI_RED_SALUD
0018_2026002516_7849,18-2026002516,6560_ESC_ING_MECANICA,C09_CONTRATOS,C09.11_ORDEN_PRESTACION_SERVICIOS
0020_2026000371_4518,20-2026000371,4110_VICE_INVESTIGACION_EXTENSION,C09_CONTRATOS,C09.08_ORDEN_COMPRA
0270_2026000614_3190,270-2026000614,3190_DTIC,C09_CONTRATOS,C09.08_ORDEN_COMPRA
2025000395_9701,,1112_UISALUD,C09_CONTRATOS,C09.23_CONTR_PREST_SERVI_RED_SALUD
2025000286_9701,,1112_UISALUD,C09_CONTRATOS,C09.23_CONTR_PREST_SERVI_RED_SALUD
0018_2026002844_9109,18-2026002844,6220_ESC_ARTES,C09_CONTRATOS,C09.11_ORDEN_PRESTACION_SERVICIOS
ELIMINAR_CONTRATOS,,1110_RECTORIA,C09_CONTRATOS,C09.19_CONTRATOS_INTERADMINISTRATIVOS
2025000227_9702,,1112_UISALUD,C09_CONTRATOS,C09.23_CONTR_PREST_SERVI_RED_SALUD
0018_2026002494_3140,18-2026002494,3140_DIV_FINANCIERA,C09_CONTRATOS,C09.11_ORDEN_PRESTACION_SERVICIOS
0049_2026000020_4518,49-2026000020,3112_DIV_CONTRATACION,C09_CONTRATOS,C09.28_ORDEN_COMPRA_IMPORTACION
2025000223_9702,,1112_UISALUD,C09_CONTRATOS,C09.23_CONTR_PREST_SERVI_RED_SALUD
0270_2026000748_3160,270-2026000748,3160_DIV_PLANTA_FISICA,C09_CONTRATOS,C09.08_ORDEN_COMPRA
0298_2026000265_3160_EV009,298-2026000265,3160_DIV_PLANTA_FISICA,C09_CONTRATOS,C09.27_CONV_PUBLICA_ABREV
2025000233_9702,,1112_UISALUD,C09_CONTRATOS,C09.23_CONTR_PREST_SERVI_RED_SALUD
0298_2026000264_1464_EV009,298-2026000264,3160_DIV_PLANTA_FISICA,C09_CONTRATOS,C09.27_CONV_PUBLICA_ABREV
2025000258_9701,,1112_UISALUD,C09_CONTRATOS,C09.23_CONTR_PREST_SERVI_RED_SALUD
18_2026002482_7068,,6530_ESC_ESTUDIOS_INDUST_EMPRESARIALES,C09_CONTRATOS,C09.11_ORDEN_PRESTACION_SERVICIOS
0018_2026002520_7233,18-2026002520,6250_ESC_EDUCACION,C09_CONTRATOS,C09.11_ORDEN_PRESTACION_SERVICIOS
0018_2026002488_9109,18-2026002488,6220_ESC_ARTES,C09_CONTRATOS,C09.11_ORDEN_PRESTACION_SERVICIOS
18_2026002518,,6530_ESC_ESTUDIOS_INDUST_EMPRESARIALES,C09_CONTRATOS,C09.11_ORDEN_PRESTACION_SERVICIOS
0018_2026002339_7049,18-2026002339,1156_DIR_CERTI_GESTION_DOCUMENTAL,C09_CONTRATOS,C09.11_ORDEN_PRESTACION_SERVICIO
0374_2026000029_4516,374-2026000029,3112_DIV_CONTRATACION,C09_CONTRATOS,C09.29_ORDEN_PREST_SERVI_IMPOR
